-- MariaDB dump 10.19-11.3.2-MariaDB, for osx10.16 (x86_64)
--
-- Host: localhost    Database: test
-- ------------------------------------------------------
-- Server version	11.3.2-MariaDB

/*!40101 SET @OLD_CHARACTER_SET_CLIENT=@@CHARACTER_SET_CLIENT */;
/*!40101 SET @OLD_CHARACTER_SET_RESULTS=@@CHARACTER_SET_RESULTS */;
/*!40101 SET @OLD_COLLATION_CONNECTION=@@COLLATION_CONNECTION */;
/*!40101 SET NAMES utf8mb4 */;
/*!40103 SET @OLD_TIME_ZONE=@@TIME_ZONE */;
/*!40103 SET TIME_ZONE='+00:00' */;
/*!40014 SET @OLD_UNIQUE_CHECKS=@@UNIQUE_CHECKS, UNIQUE_CHECKS=0 */;
/*!40014 SET @OLD_FOREIGN_KEY_CHECKS=@@FOREIGN_KEY_CHECKS, FOREIGN_KEY_CHECKS=0 */;
/*!40101 SET @OLD_SQL_MODE=@@SQL_MODE, SQL_MODE='NO_AUTO_VALUE_ON_ZERO' */;
/*!40111 SET @OLD_SQL_NOTES=@@SQL_NOTES, SQL_NOTES=0 */;

--
-- Table structure for table `competition`
--

DROP TABLE IF EXISTS `competition`;
/*!40101 SET @saved_cs_client     = @@character_set_client */;
/*!40101 SET character_set_client = utf8 */;
CREATE TABLE `competition` (
  `CompetitionID` int(11) NOT NULL,
  `Name` varchar(255) DEFAULT NULL,
  `Date` date DEFAULT NULL,
  `Location` varchar(255) DEFAULT NULL,
  `SimulatorID` int(11) DEFAULT NULL,
  `CompetitionTypeID` int(11) DEFAULT NULL,
  PRIMARY KEY (`CompetitionID`),
  KEY `FK_Competition_Simulator` (`SimulatorID`),
  KEY `FK_Competition_CompetitionType` (`CompetitionTypeID`),
  CONSTRAINT `FK_Competition_CompetitionType` FOREIGN KEY (`CompetitionTypeID`) REFERENCES `competitiontype` (`CompetitionTypeID`),
  CONSTRAINT `FK_Competition_Simulator` FOREIGN KEY (`SimulatorID`) REFERENCES `simulator` (`SimulatorID`)
) ENGINE=InnoDB DEFAULT CHARSET=latin1 COLLATE=latin1_swedish_ci;
/*!40101 SET character_set_client = @saved_cs_client */;

--
-- Dumping data for table `competition`
--

LOCK TABLES `competition` WRITE;
/*!40000 ALTER TABLE `competition` DISABLE KEYS */;
INSERT INTO `competition` VALUES
(1,'Formula Series 2022','0000-00-00',NULL,1,1),
(2,'Rally Series 2022','0000-00-00',NULL,2,1),
(3,'Touring Car Series 2022','0000-00-00',NULL,1,1),
(4,'Ricardo Moreira Historic Series 2022','0000-00-00',NULL,1,1),
(5,'GT Series 2022','0000-00-00',NULL,3,1),
(6,'GT2 Intercontinental Championship','0000-00-00',NULL,1,2),
(7,'Class One World Championship','0000-00-00',NULL,4,2),
(8,'Peugeot Rally History','0000-00-00',NULL,2,2),
(9,'European Supercup Championship','0000-00-00',NULL,3,2),
(10,'Subaru S4 Trophy','0000-00-00',NULL,2,2),
(11,'Campeonato Português Virtual de Clássicos','0000-00-00',NULL,1,2),
(12,'Campeonato Histórico Internacional de Ralis','0000-00-00',NULL,2,2),
(13,'All-Japan GT500 Championship','0000-00-00',NULL,4,2),
(14,'Intercontinental H2 Championship','0000-00-00',NULL,2,2),
(15,'Portugal Endurance Series - 12 Horas de Monza 2022','0000-00-00',NULL,4,3),
(16,'Portugal Endurance Series - 24 Horas de Le Mans 2022','0000-00-00',NULL,4,3),
(17,'Portugal Endurance Series - 24 Horas de Daytona 2022','0000-00-00',NULL,4,3),
(18,'50\'s Vintage Swiss Grand Prix','0000-00-00',NULL,1,4),
(19,'Aussie Group A Challenge','0000-00-00',NULL,1,4),
(20,'Hillclimb Masters','0000-00-00',NULL,1,4),
(21,'60\'s Vintage Italian Grand Prix','0000-00-00',NULL,1,4),
(22,'70\'s Vintage Argentine Grand Prix','0000-00-00',NULL,1,4),
(23,'Truck Racing Challenge','0000-00-00',NULL,1,4),
(24,'Grande Prémio Virtual de Portugal 2022','0000-00-00',NULL,1,5),
(25,'GT Revival 2022','0000-00-00',NULL,1,5),
(26,'250 Milhas de Indianápolis 2022','0000-00-00',NULL,4,5),
(27,'Americas GT1 Championship','0000-00-00',NULL,1,2),
(28,'Vintage BTCC Championship','0000-00-00',NULL,1,2),
(29,'Campeonato Português Virtual de Velocidade','0000-00-00',NULL,1,2),
(30,'Super Trofeo Internazionale','0000-00-00',NULL,3,2),
(31,'H3 Legends Championship','0000-00-00',NULL,2,2),
(32,'Group B Legends Championship','0000-00-00',NULL,2,2),
(33,'British GT4 Championship','0000-00-00',NULL,3,2),
(34,'BMW M1 Procar Championship','0000-00-00',NULL,4,2),
(35,'Group A Gravel Championship','0000-00-00',NULL,2,2),
(36,'Rally Evolution Championship','0000-00-00',NULL,2,2),
(37,'Formula Series 2021','0000-00-00',NULL,4,1),
(38,'Rally Series 2021','0000-00-00',NULL,2,1),
(39,'Touring Car Series 2021','0000-00-00',NULL,4,1),
(40,'Rallycross Series 2021','0000-00-00',NULL,2,1),
(41,'Ricardo Moreira Historic Series 2021','0000-00-00',NULL,1,1),
(42,'GT Series World Challenge 2021','0000-00-00',NULL,3,1),
(43,'GT Series European Challenge 2021','0000-00-00',NULL,3,1),
(44,'Endurance Cup 2021','0000-00-00',NULL,3,6),
(45,'Portugal Endurance Series - 12 Horas de Spa','0000-00-00',NULL,4,3),
(46,'Portugal Endurance Series - 24 Horas de Le Mans 2021','0000-00-00',NULL,4,3),
(47,'Portugal Endurance Series - 12 Horas de Sebring 2021','0000-00-00',NULL,4,3),
(48,'Portugal Endurance Series - 24 Horas de Daytona 2021','0000-00-00',NULL,4,3),
(49,'14º Aniversário PTSims - Nordschleife Endurance','0000-00-00',NULL,1,4),
(50,'4 Horas de Imola [Endurance Cup 2021]','0000-00-00',NULL,3,4),
(51,'6 Horas de Kyalami [Endurance Cup 2021]','0000-00-00',NULL,3,4),
(52,'6 Horas de Nürburgring [Endurance Cup 2021]','0000-00-00',NULL,3,4),
(53,'8 Horas de Spa-Francorchamps [Endurance Cup 2021]','0000-00-00',NULL,3,4),
(54,'6 Horas de Bathurst [Endurance Cup 2021]','0000-00-00',NULL,3,4),
(55,'80\'s Sebring Endurance','0000-00-00',NULL,4,4),
(56,'Academy Day','0000-00-00',NULL,1,4),
(57,'Bathurst 200','0000-00-00',NULL,1,4),
(58,'BMW M4 Class 1 @Road Atlanta','0000-00-00',NULL,4,4),
(59,'Group A Gravel Legends','0000-00-00',NULL,2,4),
(60,'H1 European Classics','0000-00-00',NULL,2,4),
(61,'Okayama GT 250 km','0000-00-00',NULL,4,4),
(62,'Deutsche Rennsport Meisterschaft @Salzburgring','0000-00-00',NULL,1,4),
(63,'Rali de Natal 2021 @Värmland','0000-00-00',NULL,2,4),
(64,'Stock Car @Watkins Glen International','0000-00-00',NULL,4,4),
(65,'Race of Champions 2021 @Monaco','0000-00-00',NULL,1,4),
(66,'Grande Prémio Virtual de Portugal 2021','0000-00-00',NULL,1,5),
(67,'GT Revival 2021','0000-00-00',NULL,1,5),
(68,'Colin McRae Tribute Championship','0000-00-00',NULL,2,2),
(69,'GT4 Sprint Championship','0000-00-00',NULL,3,2),
(70,'GTE International Championship','0000-00-00',NULL,4,2),
(71,'Prototype Sprint Championship','0000-00-00',NULL,4,2),
(72,'PTSims DTM Championship','0000-00-00',NULL,4,2),
(73,'PTSims GT3 Challenge','0000-00-00',NULL,3,2),
(74,'Radical European Masters','0000-00-00',NULL,1,2),
(75,'Rally Legends Championship','0000-00-00',NULL,2,2),
(76,'Revival Rally Championship','0000-00-00',NULL,2,2),
(77,'Ultimate Rally Challenge 2.0','0000-00-00',NULL,2,2),
(78,'PTSims Academy 2020','0000-00-00',NULL,1,7),
(79,'Formula Series 2020','0000-00-00',NULL,1,1),
(80,'GT Series 2020','0000-00-00',NULL,3,1),
(81,'Rally Series 2020','0000-00-00',NULL,2,1),
(82,'Rallycross Series 2020','0000-00-00',NULL,2,1),
(83,'Ricardo Moreira Historic Series 2020','0000-00-00',NULL,1,1),
(84,'Touring Car Series 2020','0000-00-00',NULL,4,1),
(85,'Portugal Endurance Series - 12 Horas de Portimão','0000-00-00',NULL,4,3),
(86,'Portugal Endurance Series - 12 Horas de Suzuka','0000-00-00',NULL,4,3),
(87,'Portugal Endurance Series - 24 Horas de Daytona','0000-00-00',NULL,4,3),
(88,'Portugal Endurance Series - 24 Horas de Le Mans','0000-00-00',NULL,4,3),
(89,'125 Milhas de Indianápolis','0000-00-00',NULL,4,4),
(90,'13º Aniversário PTSims: Nordschleifers III','0000-00-00',NULL,1,4),
(91,'13º Aniversário PTSims: Rali da Escócia','0000-00-00',NULL,2,4),
(92,'4 Horas de Silverstone','0000-00-00',NULL,3,4),
(93,'DTM-Gr.C Special Event','0000-00-00',NULL,1,4),
(94,'Elkhart Lake Showcase','0000-00-00',NULL,1,4),
(95,'ePrix da Boavista','0000-00-00',NULL,4,4),
(96,'Flanders GT Challenge','0000-00-00',NULL,3,4),
(97,'Rali de Natal 2020','0000-00-00',NULL,2,4),
(98,'Special Event - Group B Revival','0000-00-00',NULL,2,4),
(99,'Special Event - RX Supercars @Lohéac','0000-00-00',NULL,2,4),
(100,'Special Event - RX Supercars 2019','0000-00-00',NULL,2,4),
(101,'Vintage Le Mans','0000-00-00',NULL,1,4),
(102,'Grande Prémio Virtual de Portugal 2020','0000-00-00',NULL,4,5),
(103,'GT Revival 2020','0000-00-00',NULL,1,5),
(104,'DRM Revival Championship','0000-00-00',NULL,1,2),
(105,'GT1 Sprint Challenge','0000-00-00',NULL,1,2),
(106,'Historic Rally Championship','0000-00-00',NULL,2,2),
(107,'Porsche Clubsport Cup','0000-00-00',NULL,1,2),
(108,'Troféu Grupo A','0000-00-00',NULL,2,2),
(109,'PTSims Academy 2019','0000-00-00',NULL,1,7),
(110,'Endurance Series 2018/2019','0000-00-00',NULL,4,1),
(111,'Formula Series 2019','0000-00-00',NULL,4,1),
(112,'GT Series 2019','0000-00-00',NULL,4,1),
(113,'Ricardo Moreira Historic Series 2019','0000-00-00',NULL,1,1),
(114,'Touring Car Series 2019','0000-00-00',NULL,4,1),
(115,'Portugal Endurance Series - 12 Horas de Le Mans','0000-00-00',NULL,4,3),
(116,'Portugal Endurance Series - 12 Horas do Bahrain','0000-00-00',NULL,4,3),
(117,'Ferrari SF70H @Circuit Gilles Villeneuve','0000-00-00',NULL,1,4),
(118,'GT3 @Misano','0000-00-00',NULL,3,4),
(119,'Nordschleifers – Tourist Challenges','0000-00-00',NULL,1,4),
(120,'Nordschleifers – Tourist Challenges II','0000-00-00',NULL,1,4),
(121,'PTSims 90 minutos de Portimão','0000-00-00',NULL,4,4),
(122,'Renault Mégane Trophy @Nogaro','0000-00-00',NULL,4,4),
(123,'Santa Rally Sweden','0000-00-00',NULL,2,4),
(124,'Special Event - Lotus 49  @Monza \'66','0000-00-00',NULL,1,4),
(125,'Audi TT RS Cup','0000-00-00',NULL,1,2),
(126,'Classics Gravel Trophy','0000-00-00',NULL,5,2),
(127,'Group A Super Trophy','0000-00-00',NULL,5,2),
(128,'Toféu Clio Portugal','0000-00-00',NULL,4,2),
(129,'Ultimate Rally Challenge','0000-00-00',NULL,5,2),
(130,'PTSims Academy 2018','0000-00-00',NULL,1,7),
(131,'Formula Series 2018','0000-00-00',NULL,1,1),
(132,'GT Series 2018','0000-00-00',NULL,1,1),
(133,'Rally Series 2018','0000-00-00',NULL,5,1),
(134,'Ricardo Moreira Historic Series 2018','0000-00-00',NULL,1,1),
(135,'Touring Car Series 2018','0000-00-00',NULL,1,1),
(136,'Endurance Cup 2018','0000-00-00',NULL,1,6),
(137,'2.4 Horas de Daytona [Endurance Cup 2018]','0000-00-00',NULL,1,4),
(138,'2.4 Horas de Le Mans [Endurance Cup 2018]','0000-00-00',NULL,1,4),
(139,'2.4 Horas de Nürburgring [Endurance Cup 2018]','0000-00-00',NULL,1,4),
(140,'2.4 Horas de Silverstone [Endurance Cup 2018]','0000-00-00',NULL,1,4),
(141,'2.4 Horas de Spa-Francorchamps [Endurance Cup 2018]','0000-00-00',NULL,1,4),
(142,'2.4 Horas do Algarve [Endurance Cup 2018]','0000-00-00',NULL,1,4),
(143,'DTM \'93 @Hockenheimring \'88','0000-00-00',NULL,1,4),
(144,'McLaren MP4/13 @Interlagos','0000-00-00',NULL,4,4),
(145,'Race of Champions 2018','0000-00-00',NULL,1,4),
(146,'Radical SR3 RSX @Vasco Sameiro','0000-00-00',NULL,4,4),
(147,'Special Event - Pikes Peak Hillclimb','0000-00-00',NULL,5,4),
(148,'The Flying Scotsman Rally','0000-00-00',NULL,5,4),
(149,'Audi TT Cup','0000-00-00',NULL,6,2),
(150,'F3 Series 2017','0000-00-00',NULL,1,2),
(151,'GT4 Masters Cup','0000-00-00',NULL,1,2),
(152,'Lamborghini Huracán Supertrofeo','0000-00-00',NULL,1,2),
(153,'Mazda MX-5 Cup','0000-00-00',NULL,1,2),
(154,'Porsche RSR Cup','0000-00-00',NULL,1,2),
(155,'Troféu Ricardo Moreira 2017','0000-00-00',NULL,1,2),
(156,'Troféu Road Cars','0000-00-00',NULL,1,2),
(157,'GT Series 2017','0000-00-00',NULL,1,1),
(158,'Rally Series 2017','0000-00-00',NULL,5,1),
(159,'Touring Car Series 2017','0000-00-00',NULL,6,1),
(160,'2.4 Heures Le Mans','0000-00-00',NULL,1,4),
(161,'Ferrari F2004 @Silverstone','0000-00-00',NULL,1,4),
(162,'GT1 Vintage Cup @Le Mans','0000-00-00',NULL,1,4),
(163,'Macau GP','0000-00-00',NULL,1,4),
(164,'Race of Champions 2017','0000-00-00',NULL,1,4),
(165,'Special Event - 10 Anos PTSims','0000-00-00',NULL,1,4),
(166,'Special Event - Rallycross @Hell','0000-00-00',NULL,5,4),
(167,'BMW M235i Trophy','0000-00-00',NULL,1,2),
(168,'Classics Rally Cup','0000-00-00',NULL,5,2),
(169,'Encurance Cup 2016','0000-00-00',NULL,7,2),
(170,'Formula 3 European Cup','0000-00-00',NULL,1,2),
(171,'Gr.5 Legends Cup','0000-00-00',NULL,7,2),
(172,'Neo Legends Rally Cup','0000-00-00',NULL,5,2),
(173,'Silhouette V6 Cup','0000-00-00',NULL,6,2),
(174,'Touring Classics Trophy','0000-00-00',NULL,6,2),
(175,'Troféu Ricardo Moreira 2016','0000-00-00',NULL,1,2),
(176,'DTM Series 2016','0000-00-00',NULL,6,1),
(177,'GT Series 2016 - GT2 Endurance Series','0000-00-00',NULL,1,1),
(178,'GT Series 2016 - GT3 Sprint Series','0000-00-00',NULL,1,1),
(179,'Rally Series 2016','0000-00-00',NULL,5,1),
(180,'Touring Car Series 2016','0000-00-00',NULL,1,1),
(181,'90 Minutes of Paul Ricard','0000-00-00',NULL,1,4),
(182,'Audi TT Challenge @Laguna Seca','0000-00-00',NULL,6,4),
(183,'GT4 Challenge @Donington Park','0000-00-00',NULL,1,4),
(184,'Rali de Natal 2016','0000-00-00',NULL,5,4),
(185,'Special Event - 2 Hours of Barcelona','0000-00-00',NULL,1,4),
(186,'Special Event - 2 Hours of Nordschleife','0000-00-00',NULL,1,4),
(187,'Special Event - Rallycross @Lydden Hill','0000-00-00',NULL,5,4),
(188,'Virtual Macau GP','0000-00-00',NULL,6,4),
(189,'DRM Revival Cup','0000-00-00',NULL,8,2),
(190,'DTM Series: 1993 Edition','0000-00-00',NULL,1,2),
(191,'Euro-American Atom V8 Cup','0000-00-00',NULL,7,2),
(192,'International Formula Masters Cup','0000-00-00',NULL,1,2),
(193,'Renault UK Clio Cup','0000-00-00',NULL,7,2),
(194,'Road Car Trophy','0000-00-00',NULL,1,2),
(195,'Trofeo Alfa Romeo GTA','0000-00-00',NULL,1,2),
(196,'V8 Supercars Cup','0000-00-00',NULL,9,2),
(197,'PTSims Academy 2015 - BMW M235i Cup','0000-00-00',NULL,1,7),
(198,'Time Attack Assetto Corsa','0000-00-00',NULL,1,8),
(199,'DTM Series 2015','0000-00-00',NULL,1,1),
(200,'GT Series 2015 - GT3 Sprint Series','0000-00-00',NULL,1,1),
(201,'GT Series 2015 - Virtual Endurance Championship','0000-00-00',NULL,7,1),
(202,'Touring Car Series 2015 - Servidor 1','0000-00-00',NULL,1,1),
(203,'Touring Car Series 2015 - Servidor 2','0000-00-00',NULL,1,1),
(204,'Pikes Peak Hillclimb Challenge','0000-00-00',NULL,5,4),
(205,'PTSims Race of Champions','0000-00-00',NULL,8,4),
(206,'Rally of Greece','0000-00-00',NULL,5,4),
(207,'Rally of Greece II','0000-00-00',NULL,5,4),
(208,'Rally of Monte Carlo','0000-00-00',NULL,5,4),
(209,'Rally of the Thousand Lakes','0000-00-00',NULL,5,4),
(210,'Rally of Wales','0000-00-00',NULL,5,4),
(211,'Special Event - 1 Hour of Spa','0000-00-00',NULL,7,4),
(212,'Special Event - 120 Minutes of Le Mans','0000-00-00',NULL,1,4),
(213,'Special Event - 2 Hours of Le Mans','0000-00-00',NULL,7,4),
(214,'Special Event - 90\'s DTM @Nürburgring Nordschleife','0000-00-00',NULL,1,4),
(215,'Special Event - Classics 300 @Bathurst','0000-00-00',NULL,7,4),
(216,'Special Event - F1 Nürburgring 2015','0000-00-00',NULL,1,4),
(217,'Special Event - GT2 Battle: 200 km of Nordschleife','0000-00-00',NULL,1,4),
(218,'Special Event - Nordschleife Unleashed','0000-00-00',NULL,1,4),
(219,'Special Event - Stock Cars V8 @Goiânia','0000-00-00',NULL,10,4),
(220,'Special Event - VLN Nordschleife','0000-00-00',NULL,1,4),
(221,'King of the Ring','0000-00-00',NULL,1,9),
(222,'European Hillclimb Cup','0000-00-00',NULL,8,2),
(223,'Opel Adam Cup','0000-00-00',NULL,1,2),
(224,'Power & Glory 70\'s Cup','0000-00-00',NULL,11,2),
(225,'Power & Glory: 60\'s Legends Cup','0000-00-00',NULL,11,2),
(226,'Trofeo Ferrari 458 GT2 - Servidor 1','0000-00-00',NULL,1,2),
(227,'Trofeo Ferrari 458 GT2 - Servidor 2','0000-00-00',NULL,1,2),
(228,'Trofeo Formula Abarth','0000-00-00',NULL,1,2),
(229,'Versus Series: 1st Edition','0000-00-00',NULL,1,2),
(230,'PTSims Academy 2014 - Renault Sport Clio Cup','0000-00-00',NULL,9,7),
(231,'PTSims Academy 2014 - S2000 Trophy','0000-00-00',NULL,9,7),
(232,'GT Series 2014 - GT3 Endurance Championship','0000-00-00',NULL,11,1),
(233,'Rally Series 2014','0000-00-00',NULL,12,1),
(234,'Classic Endurance - Sebring 1970','0000-00-00',NULL,11,4),
(235,'Japanese Grand Prix - Suzuka 2014','0000-00-00',NULL,1,4),
(236,'Special Event - 2 Hours of Spa-Francorchamps - Servidor 1','0000-00-00',NULL,1,4),
(237,'Special Event - 2 Hours of Spa-Francorchamps - Servidor 2','0000-00-00',NULL,1,4),
(238,'Special Event - 60\'s GT Challenge','0000-00-00',NULL,11,4),
(239,'Special Event - GT3 vs GT2','0000-00-00',NULL,1,4),
(240,'Hot Laps Assetto Corsa 2014','0000-00-00',NULL,1,9),
(241,'Trofeo ABARTH 500','0000-00-00',NULL,13,2),
(242,'DTM Series 2013','0000-00-00',NULL,9,1),
(243,'GT Series 2013 - GT Endurance Series','0000-00-00',NULL,8,1),
(244,'GT Series 2013 - GT World Series','0000-00-00',NULL,8,1),
(245,'Rally Series 2013','0000-00-00',NULL,12,1),
(246,'Touring Car Series 2013','0000-00-00',NULL,9,1),
(247,'SE - DTM 2 Hours of Imola','0000-00-00',NULL,8,4),
(248,'SE - Pikes Peak Hillclimb Hotlap','0000-00-00',NULL,8,4),
(249,'Special Event - 2 Hours of Classics @Rouen-Les-Essarts 1970','0000-00-00',NULL,11,4),
(250,'PTSims Academy 2013 - PTSims Hot Laps 2013','0000-00-00',NULL,8,10),
(251,'BMW M3 Challenge','0000-00-00',NULL,9,2),
(252,'First Gear Challenge','0000-00-00',NULL,4,2),
(253,'Troféu WTCC 87','0000-00-00',NULL,9,2),
(254,'Vintage Cup 2012','0000-00-00',NULL,9,2),
(255,'GT Series 2012 - GT European Championship','0000-00-00',NULL,9,1),
(256,'GT Series 2012 - GT Open','0000-00-00',NULL,9,1),
(257,'GT Series 2012 - GT World Championship','0000-00-00',NULL,9,1),
(258,'Rally Series 2012','0000-00-00',NULL,12,1),
(259,'Touring Car Series 2012','0000-00-00',NULL,9,1),
(260,'6 Hours of Watkins Glen','0000-00-00',NULL,8,4),
(261,'ALMS 2 Hours of Sebring','0000-00-00',NULL,9,4),
(262,'ALMS Road America 250','0000-00-00',NULL,9,4),
(263,'PTSims Hot Laps','0000-00-00',NULL,9,9),
(264,'Troféu Dan Wheldon','0000-00-00',NULL,9,2),
(265,'PTSims Academy 2011 - Lotus Exige Challenge','0000-00-00',NULL,9,7),
(266,'GT Series 2011 - GT1 World Championship','0000-00-00',NULL,9,1),
(267,'GT Series 2011 - GT2 International Endurance','0000-00-00',NULL,9,1),
(268,'GT Series 2011 - GT3 European Championship','0000-00-00',NULL,9,1),
(269,'Rally Series 2011','0000-00-00',NULL,12,1),
(270,'Touring Car Series 2011','0000-00-00',NULL,9,1),
(271,'PTSims Racing Challenge 2.0','0000-00-00',NULL,9,6),
(272,'Grand Prix de Portimão - Special Event','0000-00-00',NULL,9,4),
(273,'Special Event - 2 hours @ Spa-Francorchamps','0000-00-00',NULL,9,4),
(274,'Special Event - WTCC Extreme @Nords','0000-00-00',NULL,9,4),
(275,'Mini Challenge 2010','0000-00-00',NULL,9,2),
(276,'Troféu Internacional Renault Clio','0000-00-00',NULL,9,2),
(277,'PTSims Academy 2010 - Exige Masters Challenge','0000-00-00',NULL,9,7),
(278,'PTSims Academy 2010 - Exige Rookie Cup','0000-00-00',NULL,9,7),
(279,'GT Series 2010 - GT1 World Championship','0000-00-00',NULL,9,1),
(280,'GT Series 2010 - GT2 European Cup','0000-00-00',NULL,9,1),
(281,'Touring Car Series 2010','0000-00-00',NULL,9,1),
(282,'4 Horas @ Road America','0000-00-00',NULL,8,4),
(283,'PTSims Academy 2010 - The STIG Challenge','0000-00-00',NULL,9,10),
(284,'DTM 2009','0000-00-00',NULL,9,2),
(285,'German Long Distance Cup','0000-00-00',NULL,8,2),
(286,'GP Clássicos 79','0000-00-00',NULL,8,2),
(287,'GT3 Series Summer Cup','0000-00-00',NULL,9,2),
(288,'GT Series 2009 - GT Championship','0000-00-00',NULL,9,1),
(289,'GT Series 2009 - GT Cup','0000-00-00',NULL,9,1),
(290,'Touring Car Series 2009','0000-00-00',NULL,9,1),
(291,'PTSims Racing Challenge','0000-00-00',NULL,9,6),
(292,'Le Mans Series - 1000 km @ AIA','0000-00-00',NULL,8,4),
(293,'DocMath Mini Cooper Trophy','0000-00-00',NULL,9,2),
(294,'Fórmula PTSims','0000-00-00',NULL,9,2),
(295,'GP Históricos 79 by PTSims','0000-00-00',NULL,8,2),
(296,'Porsche GT3 Cup','0000-00-00',NULL,8,2),
(297,'Prototype trophy','0000-00-00',NULL,8,2),
(298,'Prototypes Championship','0000-00-00',NULL,11,2),
(299,'PTSims Mini Cooper Trophy','0000-00-00',NULL,9,2),
(300,'Volta ao Mundo @ PTSims','0000-00-00',NULL,12,2),
(301,'World Sprint Cup','0000-00-00',NULL,11,2),
(302,'Copa Atlântico','0000-00-00',NULL,11,4),
(303,'PTSims 6 Hours Nordschleife','0000-00-00',NULL,11,4),
(304,'Campeonato Open de Ralis Online@PTSims','0000-00-00',NULL,12,2),
(305,'DocMath 2.0','0000-00-00',NULL,11,2),
(306,'Elise Cup@PTSims','0000-00-00',NULL,11,2),
(307,'Ferrari Challenge Mondiale',NULL,NULL,3,2),
(308,'Formula Series 2023',NULL,NULL,4,1),
(309,'GT Series 2023',NULL,NULL,3,1),
(310,'International Caterham Cup',NULL,NULL,1,2),
(311,'Prototype World Tour',NULL,NULL,4,2),
(312,'Rally Series 2023',NULL,NULL,2,1),
(313,'Ricardo Moreira Historic Series 2023',NULL,NULL,1,1),
(314,'Touring Car Series 2023',NULL,NULL,1,1),
(315,'Vintage DTM Championship',NULL,NULL,1,2);
/*!40000 ALTER TABLE `competition` ENABLE KEYS */;
UNLOCK TABLES;

--
-- Table structure for table `competitiondriver`
--

DROP TABLE IF EXISTS `competitiondriver`;
/*!40101 SET @saved_cs_client     = @@character_set_client */;
/*!40101 SET character_set_client = utf8 */;
CREATE TABLE `competitiondriver` (
  `CompetitionID` int(11) NOT NULL,
  `DriverID` int(11) NOT NULL,
  PRIMARY KEY (`CompetitionID`,`DriverID`),
  KEY `DriverID` (`DriverID`),
  CONSTRAINT `competitiondriver_ibfk_1` FOREIGN KEY (`CompetitionID`) REFERENCES `competition` (`CompetitionID`),
  CONSTRAINT `competitiondriver_ibfk_2` FOREIGN KEY (`DriverID`) REFERENCES `driver` (`DriverID`)
) ENGINE=InnoDB DEFAULT CHARSET=latin1 COLLATE=latin1_swedish_ci;
/*!40101 SET character_set_client = @saved_cs_client */;

--
-- Dumping data for table `competitiondriver`
--

LOCK TABLES `competitiondriver` WRITE;
/*!40000 ALTER TABLE `competitiondriver` DISABLE KEYS */;
INSERT INTO `competitiondriver` VALUES
(38,2),
(312,8),
(35,24),
(38,25),
(2,31),
(20,31),
(38,32),
(3,34),
(5,34),
(6,34),
(9,34),
(19,34),
(20,34),
(27,34),
(29,34),
(33,34),
(38,34),
(40,34),
(43,34),
(309,34),
(313,34),
(314,34),
(315,34),
(2,45),
(8,45),
(35,45),
(36,45),
(38,45),
(312,45),
(3,49),
(4,49),
(5,49),
(6,49),
(10,49),
(19,49),
(28,49),
(38,49),
(39,49),
(41,49),
(43,49),
(309,49),
(313,49),
(314,49),
(315,49),
(35,51),
(40,51),
(9,54),
(30,54),
(2,56),
(14,57),
(35,57),
(38,57),
(7,62),
(18,62),
(20,62),
(21,62),
(23,62),
(30,62),
(37,62),
(41,62),
(42,62),
(1,67),
(3,67),
(13,67),
(22,67),
(24,67),
(34,67),
(37,67),
(39,67),
(43,67),
(13,74),
(34,74),
(314,74),
(21,78),
(307,82),
(2,84),
(2,87),
(8,87),
(10,87),
(36,87),
(8,94),
(38,99),
(3,103),
(4,103),
(5,103),
(6,103),
(11,103),
(20,103),
(21,103),
(23,103),
(24,103),
(25,103),
(26,103),
(27,103),
(28,103),
(38,103),
(39,103),
(40,103),
(41,103),
(43,103),
(309,103),
(313,103),
(314,103),
(315,103),
(20,105),
(38,105),
(11,111),
(23,111),
(25,111),
(26,111),
(38,112),
(2,114),
(2,120),
(8,120),
(10,120),
(13,120),
(41,120),
(43,120),
(8,122),
(10,122),
(12,122),
(14,122),
(312,122),
(40,126),
(9,129),
(307,129),
(309,129),
(38,134),
(35,137),
(40,137),
(2,142),
(38,142),
(312,142),
(5,143),
(6,143),
(7,143),
(9,143),
(11,143),
(22,143),
(23,143),
(25,143),
(26,143),
(34,143),
(42,143),
(308,143),
(313,143),
(5,145),
(7,145),
(9,145),
(10,145),
(12,145),
(14,145),
(30,145),
(33,145),
(42,145),
(307,145),
(309,145),
(312,145),
(315,145),
(21,146),
(38,151),
(2,154),
(2,155),
(311,160),
(38,161),
(2,162),
(38,162),
(3,164),
(9,164),
(20,164),
(28,164),
(30,164),
(33,164),
(37,164),
(41,164),
(42,164),
(308,164),
(309,164),
(313,164),
(314,164),
(24,169),
(28,169),
(29,169),
(30,169),
(33,169),
(35,169),
(36,169),
(37,169),
(42,169),
(1,170),
(3,170),
(4,170),
(13,170),
(18,170),
(23,170),
(26,170),
(34,170),
(37,170),
(39,170),
(41,170),
(42,170),
(308,170),
(311,170),
(314,170),
(36,176),
(38,176),
(38,178),
(29,179),
(38,179),
(42,179),
(13,185),
(38,188),
(2,193),
(8,193),
(10,193),
(36,193),
(2,195),
(38,195),
(2,198),
(3,198),
(4,198),
(6,198),
(8,198),
(10,198),
(11,198),
(12,198),
(13,198),
(14,198),
(18,198),
(19,198),
(20,198),
(21,198),
(22,198),
(23,198),
(24,198),
(26,198),
(28,198),
(29,198),
(35,198),
(36,198),
(38,198),
(40,198),
(41,198),
(308,198),
(310,198),
(312,198),
(314,198),
(312,202),
(35,203),
(38,203),
(19,214),
(30,214),
(37,214),
(40,214),
(41,214),
(42,214),
(308,220),
(311,220),
(10,224),
(7,226),
(27,226),
(30,226),
(33,226),
(40,226),
(42,226),
(311,226),
(1,227),
(5,227),
(9,227),
(307,227),
(311,227),
(315,227),
(1,228),
(3,228),
(4,228),
(25,228),
(27,228),
(29,228),
(30,228),
(33,228),
(37,228),
(41,228),
(43,228),
(309,228),
(313,228),
(29,232),
(34,232),
(37,232),
(43,232),
(43,236),
(38,240),
(38,243),
(6,255),
(28,255),
(30,255),
(41,255),
(28,256),
(312,258),
(312,259),
(2,260),
(8,260),
(10,260),
(35,260),
(36,260),
(38,260),
(312,260),
(2,261),
(7,261),
(12,261),
(14,261),
(18,261),
(29,261),
(35,261),
(38,261),
(40,261),
(312,261),
(3,266),
(6,266),
(9,266),
(13,266),
(23,266),
(25,266),
(26,266),
(34,266),
(37,266),
(42,266),
(308,266),
(311,266),
(314,266),
(311,269),
(20,272),
(308,275),
(312,275),
(35,276),
(2,283),
(9,285),
(33,285),
(43,285),
(5,288),
(6,288),
(9,288),
(10,288),
(12,288),
(19,288),
(21,288),
(25,288),
(27,288),
(28,288),
(30,288),
(33,288),
(37,288),
(42,288),
(307,288),
(309,288),
(313,288),
(315,288),
(20,294),
(38,298),
(27,315),
(41,315),
(38,317),
(3,318),
(4,318),
(5,318),
(6,318),
(10,318),
(14,318),
(19,318),
(21,318),
(25,318),
(27,318),
(28,318),
(33,318),
(41,318),
(43,318),
(309,318),
(313,318),
(314,318),
(315,318),
(5,323),
(42,323),
(43,326),
(311,330),
(2,331),
(38,332),
(38,334),
(8,335),
(10,335),
(14,335),
(20,344),
(2,348),
(6,348),
(36,349),
(38,349),
(38,353),
(38,358),
(24,360),
(25,361),
(308,361),
(3,362),
(4,362),
(6,362),
(27,362),
(30,362),
(41,362),
(42,362),
(27,365),
(38,365),
(2,369),
(38,370),
(42,372),
(3,373),
(4,373),
(13,373),
(18,373),
(19,373),
(21,373),
(22,373),
(23,373),
(24,373),
(25,373),
(29,373),
(37,373),
(39,373),
(41,373),
(308,373),
(309,373),
(314,373),
(2,381),
(38,381),
(7,387),
(315,393),
(307,394),
(2,399),
(36,399),
(38,399),
(8,401),
(10,401),
(14,401),
(310,401),
(311,401),
(312,401),
(33,405),
(29,415),
(33,415),
(34,415),
(37,415),
(39,415),
(43,415),
(310,415),
(2,416),
(35,416),
(38,416),
(312,416),
(2,417),
(10,417),
(12,417),
(35,417),
(36,417),
(312,417),
(6,418),
(7,418),
(20,418),
(38,418),
(39,418),
(312,418),
(2,419),
(2,420),
(38,420),
(307,423),
(2,425),
(307,426),
(309,426),
(33,431),
(1,434),
(4,434),
(7,434),
(13,434),
(22,434),
(23,434),
(24,434),
(25,434),
(29,434),
(33,434),
(34,434),
(37,434),
(39,434),
(308,434),
(310,434),
(311,434),
(27,437),
(28,437),
(29,437),
(33,437),
(37,437),
(40,437),
(41,437),
(42,437),
(38,438),
(2,452),
(42,457),
(11,463),
(28,463),
(33,463),
(42,463),
(307,463),
(309,463),
(315,463),
(1,467),
(7,467),
(13,467),
(22,467),
(4,482),
(11,482),
(21,482),
(23,482),
(28,482),
(29,482),
(30,482),
(38,482),
(41,482),
(43,482),
(314,482),
(315,482),
(14,483),
(35,484),
(3,487),
(4,487),
(5,487),
(6,487),
(18,487),
(20,487),
(21,487),
(27,487),
(30,487),
(33,487),
(41,487),
(42,487),
(314,487),
(315,487),
(38,491),
(7,494),
(21,494),
(2,499),
(312,499),
(27,500),
(30,500),
(43,500),
(38,501),
(35,502),
(38,502),
(6,506),
(26,509),
(8,510),
(10,510),
(38,510),
(2,516),
(2,519),
(30,523),
(33,523),
(40,523),
(307,523),
(309,523),
(23,524),
(39,524),
(1,527),
(5,527),
(9,527),
(33,527),
(42,527),
(307,527),
(315,527),
(10,539),
(12,539),
(25,539),
(308,539),
(312,539),
(35,542),
(26,543),
(38,543),
(2,548),
(38,552),
(312,553),
(2,556),
(38,556),
(7,559),
(2,561),
(8,561),
(10,561),
(11,561),
(13,561),
(23,561),
(25,561),
(26,561),
(308,561),
(311,561),
(312,561),
(314,561),
(6,562),
(34,562),
(42,562),
(308,562),
(4,569),
(7,569),
(11,569),
(13,569),
(18,569),
(19,569),
(22,569),
(23,569),
(313,569),
(314,569),
(315,569),
(6,573),
(11,573),
(13,573),
(23,573),
(43,573),
(307,573),
(310,573),
(1,576),
(2,576),
(3,576),
(4,576),
(5,576),
(8,576),
(10,576),
(12,576),
(14,576),
(18,576),
(20,576),
(22,576),
(23,576),
(24,576),
(25,576),
(26,576),
(28,576),
(29,576),
(35,576),
(36,576),
(37,576),
(38,576),
(39,576),
(40,576),
(41,576),
(42,576),
(308,576),
(311,576),
(312,576),
(313,576),
(314,576),
(2,578),
(38,578),
(10,584),
(38,584),
(35,585),
(8,588),
(10,588),
(14,588),
(29,591),
(37,591),
(43,591),
(2,597),
(38,597),
(11,599),
(13,599),
(22,599),
(26,599),
(308,599),
(313,599),
(38,600),
(307,601),
(309,601),
(2,608),
(10,608),
(40,608),
(27,610),
(1,612),
(3,612),
(5,612),
(10,612),
(14,612),
(19,612),
(27,612),
(34,612),
(38,612),
(39,612),
(40,612),
(43,612),
(310,612),
(311,612),
(315,612),
(9,617),
(42,617),
(307,617),
(309,617),
(33,619),
(40,622),
(38,624),
(13,626),
(26,626),
(33,631),
(42,631),
(2,633),
(4,634),
(7,634),
(11,634),
(14,634),
(19,634),
(28,634),
(39,634),
(41,634),
(308,634),
(313,634),
(314,634),
(307,641),
(311,641),
(1,644),
(7,644),
(9,644),
(13,644),
(29,644),
(33,644),
(34,644),
(37,644),
(39,644),
(43,644),
(307,644),
(310,644),
(311,644),
(1,646),
(7,646),
(13,646),
(308,646),
(2,649),
(10,649),
(38,649),
(40,649),
(22,659),
(34,659),
(37,659),
(2,663),
(8,663),
(10,663),
(12,663),
(36,663),
(38,663),
(39,664),
(33,666),
(4,673),
(11,673),
(19,673),
(20,673),
(21,673),
(22,673),
(23,673),
(1,674),
(2,674),
(5,674),
(7,674),
(9,674),
(11,674),
(26,674),
(27,674),
(29,674),
(33,674),
(34,674),
(35,674),
(36,674),
(39,674),
(42,674),
(308,674),
(309,674),
(312,674),
(313,674),
(314,674),
(38,675),
(38,677),
(2,685),
(3,685),
(5,685),
(6,685),
(8,685),
(9,685),
(10,685),
(12,685),
(14,685),
(27,685),
(30,685),
(34,685),
(35,685),
(36,685),
(43,685),
(309,685),
(312,685),
(313,685),
(38,692),
(33,693),
(35,695),
(38,700),
(2,701),
(38,702),
(1,707),
(2,707),
(3,707),
(4,707),
(5,707),
(8,707),
(10,707),
(11,707),
(12,707),
(14,707),
(18,707),
(20,707),
(21,707),
(22,707),
(23,707),
(24,707),
(25,707),
(26,707),
(28,707),
(29,707),
(33,707),
(35,707),
(36,707),
(38,707),
(39,707),
(40,707),
(41,707),
(43,707),
(311,707),
(312,707),
(313,707),
(314,707),
(315,707),
(1,711),
(7,711),
(11,711),
(13,711),
(22,711),
(311,711),
(308,727),
(312,727),
(2,733),
(312,735),
(9,745),
(42,745),
(307,745),
(309,745),
(1,747),
(2,747),
(3,747),
(4,747),
(5,747),
(8,747),
(10,747),
(12,747),
(14,747),
(18,747),
(19,747),
(21,747),
(22,747),
(23,747),
(24,747),
(34,747),
(35,747),
(36,747),
(37,747),
(39,747),
(43,747),
(311,747),
(312,747),
(313,747),
(314,747),
(315,747),
(1,750),
(2,750),
(8,750),
(10,750),
(12,750),
(14,750),
(28,750),
(35,750),
(36,750),
(38,750),
(43,750),
(312,751),
(7,754),
(2,757),
(10,757),
(12,757),
(14,757),
(33,757),
(35,757),
(36,757),
(38,757),
(312,757),
(1,762),
(7,762),
(9,762),
(13,762),
(21,762),
(22,762),
(24,762),
(25,762),
(26,762),
(28,762),
(30,762),
(33,762),
(34,762),
(37,762),
(39,762),
(43,762),
(308,762),
(310,762),
(311,762),
(13,772),
(7,773),
(307,773),
(309,773),
(27,782),
(2,784),
(5,784),
(8,784),
(9,784),
(11,784),
(35,784),
(36,784),
(40,784),
(309,784),
(312,784),
(313,784),
(314,784),
(4,785),
(5,785),
(6,785),
(7,785),
(28,785),
(33,785),
(39,785),
(43,785),
(308,785),
(314,785),
(307,786),
(7,790),
(22,790),
(311,790),
(13,791),
(5,796),
(14,796),
(20,796),
(33,796),
(38,796),
(43,796),
(308,796),
(22,800),
(34,800),
(38,800),
(1,801),
(3,801),
(4,801),
(5,801),
(11,801),
(18,801),
(19,801),
(20,801),
(23,801),
(25,801),
(26,801),
(27,801),
(28,801),
(29,801),
(30,801),
(34,801),
(41,801),
(43,801),
(312,801),
(313,801),
(314,801),
(315,801),
(29,803),
(33,803),
(1,806),
(3,806),
(13,806),
(18,806),
(21,806),
(22,806),
(24,806),
(34,806),
(37,806),
(39,806),
(40,806),
(43,806),
(7,811),
(19,811),
(33,811),
(311,814),
(2,815),
(4,821),
(5,821),
(6,821),
(10,821),
(12,821),
(21,821),
(30,821),
(33,821),
(35,821),
(36,821),
(41,821),
(43,821),
(312,821),
(313,821),
(315,821),
(34,825),
(2,826),
(8,826),
(10,826),
(14,826),
(35,826),
(36,826),
(38,826),
(312,826),
(1,829),
(2,829),
(5,829),
(9,829),
(22,829),
(25,829),
(26,829),
(33,829),
(42,829),
(307,829),
(309,829),
(313,829),
(13,834),
(1,837),
(4,837),
(7,837),
(13,837),
(25,837),
(33,837),
(43,837),
(308,837),
(310,837),
(311,837),
(6,838),
(9,838),
(19,838),
(23,838),
(309,838),
(313,838),
(314,838),
(315,838),
(38,840),
(312,840),
(1,841),
(37,841),
(39,841),
(308,841),
(11,842),
(37,842),
(39,842),
(310,842),
(13,846),
(22,846),
(26,846),
(311,846),
(1,847),
(3,847),
(9,847),
(11,847),
(21,847),
(22,847),
(24,847),
(33,847),
(37,847),
(39,847),
(43,847),
(307,847),
(309,847),
(6,849),
(7,849),
(9,849),
(13,849),
(311,849),
(314,849),
(315,849),
(6,851),
(38,854),
(13,859),
(26,859),
(4,865),
(6,865),
(29,865),
(315,865),
(6,866),
(7,866),
(29,866),
(34,866),
(307,866),
(310,866),
(14,874),
(35,874),
(36,874),
(312,874),
(9,875),
(23,875),
(307,875),
(3,877),
(5,877),
(9,877),
(21,877),
(28,877),
(30,877),
(33,877),
(42,877),
(307,877),
(315,877),
(36,884),
(38,884),
(14,888),
(27,892),
(29,892),
(37,892),
(41,892),
(1,898),
(5,898),
(9,898),
(19,898),
(20,898),
(24,898),
(28,898),
(30,898),
(33,898),
(37,898),
(38,898),
(39,898),
(40,898),
(42,898),
(309,898),
(315,898),
(38,899),
(21,903),
(2,913),
(3,913),
(4,913),
(5,913),
(6,913),
(8,913),
(10,913),
(11,913),
(12,913),
(14,913),
(19,913),
(20,913),
(22,913),
(25,913),
(27,913),
(28,913),
(29,913),
(30,913),
(33,913),
(34,913),
(38,913),
(42,913),
(307,913),
(309,913),
(312,913),
(313,913),
(315,913),
(38,922),
(5,925),
(33,925),
(42,925),
(5,927),
(30,927),
(33,927),
(38,927),
(40,927),
(42,927),
(8,929),
(10,935),
(12,935),
(14,935),
(309,935),
(6,936),
(9,936),
(11,936),
(19,936),
(20,936),
(23,936),
(24,936),
(28,936),
(29,936),
(309,936),
(313,936),
(314,936),
(315,936),
(13,941),
(30,941),
(37,941),
(39,941),
(2,949),
(8,949),
(10,949),
(35,949),
(36,949),
(38,949),
(312,949),
(11,950),
(25,950),
(29,950),
(2,951),
(7,951),
(8,951),
(308,951),
(38,954),
(6,958),
(9,958),
(11,958),
(19,958),
(25,958),
(27,958),
(29,958),
(33,958),
(36,958),
(42,958),
(38,961),
(3,963),
(9,963),
(20,963),
(21,963),
(23,963),
(43,963),
(27,964),
(42,966),
(1,967),
(3,967),
(4,967),
(11,967),
(18,967),
(19,967),
(20,967),
(21,967),
(22,967),
(24,967),
(28,967),
(30,967),
(36,967),
(41,967),
(313,967),
(314,967),
(315,967),
(2,970),
(8,972),
(10,972),
(14,972),
(38,972),
(2,979),
(8,979),
(10,979),
(38,979),
(312,979),
(2,995),
(38,996),
(8,1001),
(10,1001),
(36,1001),
(38,1001),
(311,1001),
(34,1007),
(310,1007),
(307,1008),
(309,1008),
(3,1009),
(5,1009),
(6,1009),
(9,1009),
(19,1009),
(23,1009),
(28,1009),
(29,1009),
(33,1009),
(39,1009),
(43,1009),
(307,1009),
(14,1010),
(28,1010),
(35,1010),
(38,1010),
(39,1010),
(41,1010),
(310,1010),
(315,1010),
(2,1020),
(6,1020),
(10,1020),
(12,1020),
(19,1020),
(25,1020),
(1,1023),
(3,1023),
(4,1023),
(5,1023),
(12,1023),
(14,1023),
(19,1023),
(23,1023),
(24,1023),
(30,1023),
(35,1023),
(37,1023),
(43,1023),
(308,1023),
(311,1023),
(312,1023),
(313,1023),
(314,1023),
(25,1028),
(29,1028),
(35,1028),
(38,1028),
(43,1028),
(1,1032),
(7,1032),
(13,1032),
(22,1032),
(308,1032),
(38,1035),
(38,1036),
(1,1037),
(3,1037),
(4,1037),
(11,1037),
(18,1037),
(19,1037),
(20,1037),
(21,1037),
(22,1037),
(23,1037),
(25,1037),
(26,1037),
(29,1037),
(34,1037),
(37,1037),
(43,1037),
(313,1037),
(314,1037),
(315,1037),
(3,1039),
(6,1039),
(9,1039),
(20,1039),
(27,1039),
(30,1039),
(40,1039),
(41,1039),
(42,1039),
(309,1039),
(314,1039),
(38,1041),
(6,1049),
(18,1049),
(25,1049),
(33,1049),
(2,1050),
(8,1050),
(14,1050),
(35,1050),
(312,1050),
(38,1052),
(312,1052),
(28,1055),
(7,1060),
(8,1060),
(10,1060),
(11,1060),
(14,1060),
(28,1060),
(36,1060),
(38,1060),
(39,1060),
(310,1060),
(312,1060),
(2,1063),
(8,1063),
(10,1063),
(38,1063),
(312,1063),
(3,1070),
(4,1070),
(6,1070),
(18,1070),
(19,1070),
(20,1070),
(21,1070),
(23,1070),
(28,1070),
(29,1070),
(39,1070),
(40,1070),
(41,1070),
(42,1070),
(313,1070),
(315,1070),
(38,1072),
(40,1072),
(25,1074),
(33,1076),
(7,1080),
(38,1084),
(34,1089),
(38,1090),
(4,1092),
(8,1092),
(11,1092),
(12,1092),
(14,1092),
(18,1092),
(20,1092),
(22,1092),
(23,1092),
(29,1092),
(30,1092),
(33,1092),
(38,1092),
(41,1092),
(307,1092),
(312,1092),
(313,1092),
(315,1092),
(7,1094),
(11,1094),
(22,1094),
(27,1094),
(308,1094),
(310,1094),
(311,1094),
(42,1095),
(10,1096),
(312,1096),
(42,1097),
(1,1099),
(7,1099),
(11,1099),
(22,1099),
(310,1099),
(311,1099),
(2,1108),
(10,1108),
(38,1108),
(312,1108),
(2,1110),
(38,1122),
(3,1123),
(4,1123),
(6,1123),
(8,1123),
(13,1123),
(23,1123),
(25,1123),
(30,1123),
(34,1123),
(35,1123),
(36,1123),
(37,1123),
(38,1123),
(43,1123),
(308,1123),
(311,1123),
(313,1123),
(314,1123),
(28,1126),
(39,1126),
(38,1129),
(2,1132),
(3,1132),
(4,1132),
(5,1132),
(6,1132),
(8,1132),
(10,1132),
(11,1132),
(12,1132),
(14,1132),
(20,1132),
(22,1132),
(25,1132),
(27,1132),
(28,1132),
(29,1132),
(30,1132),
(34,1132),
(35,1132),
(36,1132),
(38,1132),
(41,1132),
(42,1132),
(307,1132),
(309,1132),
(312,1132),
(313,1132),
(315,1132),
(38,1136),
(2,1137),
(1,1140),
(7,1140),
(13,1140),
(22,1140),
(34,1140),
(37,1140),
(41,1140),
(307,1140),
(308,1140),
(310,1140),
(311,1140),
(38,1142),
(311,1144);
/*!40000 ALTER TABLE `competitiondriver` ENABLE KEYS */;
UNLOCK TABLES;

--
-- Table structure for table `competitiontype`
--

DROP TABLE IF EXISTS `competitiontype`;
/*!40101 SET @saved_cs_client     = @@character_set_client */;
/*!40101 SET character_set_client = utf8 */;
CREATE TABLE `competitiontype` (
  `CompetitionTypeID` int(11) NOT NULL,
  `TypeName` varchar(255) DEFAULT NULL,
  PRIMARY KEY (`CompetitionTypeID`)
) ENGINE=InnoDB DEFAULT CHARSET=latin1 COLLATE=latin1_swedish_ci;
/*!40101 SET character_set_client = @saved_cs_client */;

--
-- Dumping data for table `competitiontype`
--

LOCK TABLES `competitiontype` WRITE;
/*!40000 ALTER TABLE `competitiontype` DISABLE KEYS */;
INSERT INTO `competitiontype` VALUES
(1,'Campeonato Series'),
(2,'Campeonato Não-Series'),
(3,'PTES - Special Event'),
(4,'Special Event'),
(5,'Special Event Anual'),
(6,'Conjunto de Special Events'),
(7,'Campeonato Não-Series - Academia'),
(8,'Campeonato Não-Series - Time Attack'),
(9,'Time Attack'),
(10,'Time Attack - Academia');
/*!40000 ALTER TABLE `competitiontype` ENABLE KEYS */;
UNLOCK TABLES;

--
-- Table structure for table `driver`
--

DROP TABLE IF EXISTS `driver`;
/*!40101 SET @saved_cs_client     = @@character_set_client */;
/*!40101 SET character_set_client = utf8 */;
CREATE TABLE `driver` (
  `DriverID` int(11) NOT NULL,
  `Name` varchar(255) DEFAULT NULL,
  `DateOfBirth` date DEFAULT NULL,
  `Nationality` varchar(255) DEFAULT NULL,
  `TeamID` int(11) DEFAULT NULL,
  `Numero` int(11) DEFAULT NULL,
  PRIMARY KEY (`DriverID`),
  KEY `TeamID` (`TeamID`),
  CONSTRAINT `driver_ibfk_1` FOREIGN KEY (`TeamID`) REFERENCES `team` (`TeamID`)
) ENGINE=InnoDB DEFAULT CHARSET=latin1 COLLATE=latin1_swedish_ci;
/*!40101 SET character_set_client = @saved_cs_client */;

--
-- Dumping data for table `driver`
--

LOCK TABLES `driver` WRITE;
/*!40000 ALTER TABLE `driver` DISABLE KEYS */;
INSERT INTO `driver` VALUES
(1,'Abel Diogo',NULL,NULL,9999,0),
(2,'Abel Paiva',NULL,NULL,9999,0),
(3,'Adalberto Farias',NULL,NULL,170,0),
(4,'Adam Baldwin',NULL,NULL,66,0),
(5,'Adam Karkuszewski',NULL,NULL,9999,0),
(6,'Adolfo Soares',NULL,NULL,9999,0),
(7,'Afonso Carvalho',NULL,NULL,221,0),
(8,'Afonso Souto',NULL,NULL,226,0),
(9,'Ahmet Demircan',NULL,NULL,54,0),
(10,'Alan Lundgren',NULL,NULL,11,0),
(11,'Alessandro Catricala',NULL,NULL,184,0),
(12,'Alex Albernaz',NULL,NULL,9999,0),
(13,'Alex Rocha',NULL,NULL,9999,0),
(14,'Alex Sena',NULL,NULL,9999,0),
(15,'Alex Vieira',NULL,NULL,9999,0),
(16,'Alexandre Baptista',NULL,NULL,93,0),
(17,'Alexandre Caetano',NULL,NULL,143,0),
(18,'Alexandre Chainho',NULL,NULL,9999,0),
(19,'Alexandre Guilhoto',NULL,NULL,9999,0),
(20,'Alexandre Martins',NULL,NULL,223,0),
(21,'Alexandre Pinto',NULL,NULL,9999,0),
(22,'Alexandre Rodrigues',NULL,NULL,9999,0),
(23,'Alexandre Rosa',NULL,NULL,85,0),
(24,'Alexandre Simões',NULL,NULL,9999,0),
(25,'Alexandre Vieira',NULL,NULL,9999,0),
(26,'Alexis Clapano',NULL,NULL,66,0),
(27,'Alfonso Meireles',NULL,NULL,9999,0),
(28,'Álvaro Rego',NULL,NULL,252,0),
(29,'Amândio Sousa',NULL,NULL,9999,0),
(30,'Amauri di Maia',NULL,NULL,9999,0),
(31,'André Almeida',NULL,NULL,9999,124),
(32,'André Almeida [RS]',NULL,NULL,205,0),
(33,'André Araújo',NULL,NULL,158,0),
(34,'André Barbosa',NULL,NULL,39,190),
(35,'André Bonaparte',NULL,NULL,185,0),
(36,'André Caetano',NULL,NULL,9999,0),
(37,'André Caiado',NULL,NULL,9999,0),
(38,'André Correia Ferreira',NULL,NULL,9999,0),
(39,'André Costa',NULL,NULL,9999,0),
(40,'André Curvelo',NULL,NULL,9999,0),
(41,'André E Oliveira',NULL,NULL,9999,0),
(42,'André Esteves',NULL,NULL,9999,0),
(43,'André Faria Almeida',NULL,NULL,9999,0),
(44,'André Félix',NULL,NULL,9999,0),
(45,'André Ferreira',NULL,NULL,9999,0),
(46,'André Filipe Silva',NULL,NULL,9999,0),
(47,'André G Ferreira',NULL,NULL,155,0),
(48,'André Garcia',NULL,NULL,9999,0),
(49,'André Giesta',NULL,NULL,155,45),
(50,'André Gomes',NULL,NULL,9999,0),
(51,'André Gonçalves',NULL,NULL,9999,0),
(52,'André Lavadinho',NULL,NULL,9999,0),
(53,'André Martins',NULL,NULL,9999,0),
(54,'André Martins Torres',NULL,NULL,169,71),
(55,'André Oliveira',NULL,NULL,9999,0),
(56,'André Pinheiro',NULL,NULL,9999,0),
(57,'André Prates',NULL,NULL,143,0),
(58,'André Ribeiro',NULL,NULL,9999,0),
(59,'André Rijo',NULL,NULL,193,0),
(60,'André Santos',NULL,NULL,9999,0),
(61,'André Sério',NULL,NULL,9999,0),
(62,'André Silva',NULL,NULL,9999,60),
(63,'André Simão',NULL,NULL,9999,0),
(64,'André Sousa Ferreira',NULL,NULL,104,0),
(65,'André Torres',NULL,NULL,9999,0),
(66,'André Vieira',NULL,NULL,9999,0),
(67,'André Vitória',NULL,NULL,170,47),
(68,'Andrea Di Cello',NULL,NULL,9999,0),
(69,'Andres Rivero',NULL,NULL,9999,0),
(70,'Andy Mollison',NULL,NULL,9999,0),
(71,'Ângelo Silva',NULL,NULL,9999,0),
(72,'Angus Tong',NULL,NULL,245,0),
(73,'Aníbal Moreira',NULL,NULL,9999,0),
(74,'António Abreu',NULL,NULL,229,0),
(75,'António Barbosa',NULL,NULL,9999,0),
(76,'António Bettencourt',NULL,NULL,9999,0),
(77,'António Campeão',NULL,NULL,9999,0),
(78,'António Carvalho',NULL,NULL,9999,0),
(79,'António Carvalho Reis',NULL,NULL,9999,0),
(80,'António Costa',NULL,NULL,9999,0),
(81,'António Dias',NULL,NULL,9999,0),
(82,'António Ferreira',NULL,NULL,155,0),
(83,'António Gouveia',NULL,NULL,9999,0),
(84,'António Leitão',NULL,NULL,9999,0),
(85,'António Luís Costa',NULL,NULL,9999,0),
(86,'António Maia',NULL,NULL,9999,0),
(87,'António Medeiros',NULL,NULL,9999,0),
(88,'António Melo',NULL,NULL,9999,0),
(89,'António Miguel Esteves',NULL,NULL,9999,0),
(90,'António Navarro',NULL,NULL,228,0),
(91,'António Osório',NULL,NULL,9999,0),
(92,'António Pedro',NULL,NULL,9999,0),
(93,'António Sá',NULL,NULL,9999,0),
(94,'António Santos',NULL,NULL,9999,0),
(95,'António Silva',NULL,NULL,9999,0),
(96,'António Sol',NULL,NULL,9999,0),
(97,'António Varão',NULL,NULL,9999,0),
(98,'António Vilas',NULL,NULL,9999,0),
(99,'Aristides Silva',NULL,NULL,9999,0),
(100,'Arnaldo Spínola',NULL,NULL,9999,0),
(101,'Arsen Gharibyan',NULL,NULL,9999,0),
(102,'Artur Ferreira',NULL,NULL,9999,0),
(103,'Artur Mesquita',NULL,NULL,142,42),
(104,'Artur Paz',NULL,NULL,9999,0),
(105,'Aurélio Camacho',NULL,NULL,9999,0),
(106,'Aydin Can Cakan',NULL,NULL,54,0),
(107,'Baltazar Lima',NULL,NULL,197,0),
(108,'Belmiro Alfaiate',NULL,NULL,9999,0),
(109,'Ben Willis',NULL,NULL,9999,0),
(110,'Bernardo Faria',NULL,NULL,9999,0),
(111,'Bernardo Lanzinha',NULL,NULL,9999,100),
(112,'Bernardo Neves',NULL,NULL,9999,0),
(113,'Bernardo Nves',NULL,NULL,9999,0),
(114,'Bernardo Rebordão',NULL,NULL,9999,0),
(115,'Bernardo Sousa',NULL,NULL,9999,0),
(116,'Beto Belo',NULL,NULL,158,0),
(117,'Bino Santos',NULL,NULL,9999,0),
(118,'Blane Heerey',NULL,NULL,9999,0),
(119,'Bruno Albino',NULL,NULL,18,0),
(120,'Bruno Baleizão',NULL,NULL,142,147),
(121,'Bruno Borges',NULL,NULL,9999,0),
(122,'Bruno Correia',NULL,NULL,9999,0),
(123,'Bruno Costa',NULL,NULL,9999,0),
(124,'Bruno Duarte',NULL,NULL,9999,0),
(125,'Bruno Gil',NULL,NULL,143,0),
(126,'Bruno Gonçalves',NULL,NULL,203,0),
(127,'Bruno M Santos',NULL,NULL,9999,0),
(128,'Bruno Magalhães',NULL,NULL,9999,0),
(129,'Bruno Marques',NULL,NULL,142,35),
(130,'Bruno Moreira',NULL,NULL,9999,0),
(131,'Bruno Nunes',NULL,NULL,9999,0),
(132,'Bruno Oliveira',NULL,NULL,220,0),
(133,'Bruno Pinto',NULL,NULL,9999,0),
(134,'Bruno Rebelo',NULL,NULL,9999,0),
(135,'Bruno Santos',NULL,NULL,9999,0),
(136,'Bruno Sousa',NULL,NULL,9999,0),
(137,'Bruno Tiago Silva',NULL,NULL,9999,0),
(138,'Bruno Tomé',NULL,NULL,229,0),
(139,'Bruno Traguedo',NULL,NULL,90,0),
(140,'Caio Ximenes',NULL,NULL,9999,0),
(141,'Carlos A Rodrigues',NULL,NULL,9999,0),
(142,'Carlos André',NULL,NULL,205,0),
(143,'Carlos Azevedo',NULL,NULL,226,104),
(144,'Carlos Barbosa',NULL,NULL,92,0),
(145,'Carlos Barros',NULL,NULL,169,74),
(146,'Carlos Basto',NULL,NULL,191,18),
(147,'Carlos C Santos',NULL,NULL,9999,0),
(148,'Carlos Carvalho',NULL,NULL,9999,0),
(149,'Carlos Costa',NULL,NULL,9999,0),
(150,'Carlos Delgado',NULL,NULL,9999,0),
(151,'Carlos Eduardo',NULL,NULL,9999,0),
(152,'Carlos Esteves',NULL,NULL,9999,0),
(153,'Carlos Ferreira',NULL,NULL,9999,0),
(154,'Carlos Freitas',NULL,NULL,9999,0),
(155,'Carlos Gonçalves',NULL,NULL,9999,0),
(156,'Carlos Guerreiro',NULL,NULL,9999,0),
(157,'Carlos L Miguel',NULL,NULL,9999,0),
(158,'Carlos Leite',NULL,NULL,9999,0),
(159,'Carlos Lopes',NULL,NULL,9999,0),
(160,'Carlos Manuel Esteves',NULL,NULL,150,0),
(161,'Carlos Martins',NULL,NULL,9999,0),
(162,'Carlos Meneses',NULL,NULL,9999,0),
(163,'Carlos Miguel',NULL,NULL,9999,0),
(164,'Carlos Miranda',NULL,NULL,52,78),
(165,'Carlos Monteiro',NULL,NULL,9999,0),
(166,'Carlos Mora',NULL,NULL,9999,0),
(167,'Carlos Moutinho',NULL,NULL,252,0),
(168,'Carlos O\'Connor',NULL,NULL,158,0),
(169,'Carlos Rodrigues',NULL,NULL,169,99),
(170,'Carlos Santos',NULL,NULL,59,77),
(171,'Carlos Silva',NULL,NULL,9999,0),
(172,'Celso Fernandes',NULL,NULL,9999,0),
(173,'Celso Fernando',NULL,NULL,9999,0),
(174,'Celso Gomes',NULL,NULL,92,0),
(175,'Celso Trindade',NULL,NULL,9999,0),
(176,'César Barbosa',NULL,NULL,9999,0),
(177,'César Ferrolho',NULL,NULL,9999,0),
(178,'César Silva',NULL,NULL,9999,0),
(179,'Chico Costa',NULL,NULL,115,0),
(180,'Chris Bruno',NULL,NULL,245,0),
(181,'Chris Shepherd',NULL,NULL,9999,0),
(182,'Chris Vacca',NULL,NULL,9999,0),
(183,'Christian Manzini',NULL,NULL,9999,0),
(184,'Cláudio Bebiano',NULL,NULL,9999,0),
(185,'Cláudio Coelho',NULL,NULL,273,0),
(186,'Claudio Davi',NULL,NULL,9999,0),
(187,'Cláudio Fernandes',NULL,NULL,9999,0),
(188,'Cláudio Pita',NULL,NULL,9999,0),
(189,'Cláudio Vara',NULL,NULL,9999,0),
(190,'Clovis Xavier',NULL,NULL,185,0),
(191,'Cristian Becerra Lopez',NULL,NULL,9999,0),
(192,'Cristiano Mendonça',NULL,NULL,9999,0),
(193,'Daniel Alves',NULL,NULL,9999,0),
(194,'Daniel Borini',NULL,NULL,9999,0),
(195,'Daniel Filipe',NULL,NULL,9999,0),
(196,'Daniel Filipe Terra',NULL,NULL,9999,0),
(197,'Daniel Gaspar',NULL,NULL,9999,0),
(198,'Daniel Inácio',NULL,NULL,59,10),
(199,'Daniel Lameira',NULL,NULL,9999,0),
(200,'Daniel Lopes',NULL,NULL,9999,0),
(201,'Daniel Mendonça',NULL,NULL,93,0),
(202,'Daniel Monteiro',NULL,NULL,9999,0),
(203,'Daniel Neves',NULL,NULL,9999,0),
(204,'Daniel Paiva',NULL,NULL,9999,0),
(205,'Daniel Popov',NULL,NULL,9999,0),
(206,'Daniel Rodrigues',NULL,NULL,9999,0),
(207,'Daniel Santos',NULL,NULL,9999,0),
(208,'Daniel Silva',NULL,NULL,9999,0),
(209,'Daniel Silva Lopes',NULL,NULL,9999,0),
(210,'Daniel Tavares',NULL,NULL,9999,0),
(211,'Daniel Valido',NULL,NULL,9999,0),
(212,'Daniel Vasques',NULL,NULL,9999,0),
(213,'Daniel Vaz Mendonça',NULL,NULL,9999,0),
(214,'Daniel Vieira',NULL,NULL,142,95),
(215,'Danilo Garofalo',NULL,NULL,9999,0),
(216,'Dário Ussumane',NULL,NULL,188,0),
(217,'David Costa',NULL,NULL,252,0),
(218,'David Escórcio',NULL,NULL,9999,0),
(219,'David Guilherme',NULL,NULL,9999,0),
(220,'David Luís',NULL,NULL,229,0),
(221,'David Norinho',NULL,NULL,9999,0),
(222,'David Pereira',NULL,NULL,9999,0),
(223,'David Ribeiro',NULL,NULL,9999,0),
(224,'David Rocha',NULL,NULL,9999,0),
(225,'David Rosa',NULL,NULL,9999,0),
(226,'David Santos',NULL,NULL,52,70),
(227,'David Vieira',NULL,NULL,169,162),
(228,'Davide Cardoso',NULL,NULL,142,0),
(229,'Davide Farina',NULL,NULL,9999,0),
(230,'Diego Carlino',NULL,NULL,9999,0),
(231,'Dinis Moreira',NULL,NULL,9999,0),
(232,'Dio Donadel',NULL,NULL,170,0),
(233,'Diogo Botelho',NULL,NULL,9999,0),
(234,'Diogo Calvão',NULL,NULL,247,0),
(235,'Diogo Capitão',NULL,NULL,9999,0),
(236,'Diogo Castel-Branco',NULL,NULL,55,0),
(237,'Diogo Costa',NULL,NULL,59,0),
(238,'Diogo Costa [APEX]',NULL,NULL,16,0),
(239,'Diogo Costa [AZOR]',NULL,NULL,28,0),
(240,'Diogo Ferreira',NULL,NULL,9999,0),
(241,'Diogo Gomes da Silva',NULL,NULL,9999,0),
(242,'Diogo Guerreiro',NULL,NULL,9999,0),
(243,'Diogo Lima',NULL,NULL,111,0),
(244,'Diogo Magalhães',NULL,NULL,9999,0),
(245,'Diogo Monteiro',NULL,NULL,9999,0),
(246,'Diogo Quaresma',NULL,NULL,9999,0),
(247,'Diogo Ramalho',NULL,NULL,9999,0),
(248,'Diogo Reis',NULL,NULL,9999,0),
(249,'Diogo Rodrigues',NULL,NULL,9999,0),
(250,'Diogo Silva',NULL,NULL,97,0),
(251,'Diogo Simões',NULL,NULL,9999,0),
(252,'Diogo Souto',NULL,NULL,9999,0),
(253,'Diogo Velosa',NULL,NULL,169,0),
(254,'Djton Silva',NULL,NULL,9999,0),
(255,'Domingos Vaz',NULL,NULL,155,7),
(256,'Duarte Aguiar',NULL,NULL,9999,0),
(257,'Duarte Botelho',NULL,NULL,9999,0),
(258,'Duarte Dória',NULL,NULL,9999,0),
(259,'Duarte F Duarte',NULL,NULL,9999,0),
(260,'Duarte Gonçalves',NULL,NULL,205,0),
(261,'Duarte Janeiro',NULL,NULL,170,130),
(262,'Duarte Mota',NULL,NULL,9999,0),
(263,'Duarte Pinto',NULL,NULL,9999,0),
(264,'Duarte Rodrigues',NULL,NULL,9999,0),
(265,'Duarte Veiga',NULL,NULL,9999,0),
(266,'Duarte Vieira',NULL,NULL,229,159),
(267,'Ed Penco',NULL,NULL,197,0),
(268,'Edgar Duque',NULL,NULL,9999,0),
(269,'Eduardo Araújo',NULL,NULL,193,0),
(270,'Eduardo Basto',NULL,NULL,9999,0),
(271,'Eduardo Freitas',NULL,NULL,9999,0),
(272,'Eduardo Pestana',NULL,NULL,9999,0),
(273,'Eduardo Romão',NULL,NULL,9999,0),
(274,'Eduardo Silva',NULL,NULL,9999,0),
(275,'Élio Fernandes',NULL,NULL,155,0),
(276,'Emanuel Ferreira',NULL,NULL,9999,0),
(277,'Emanuel Figueiredo',NULL,NULL,9999,0),
(278,'Emanuel Moreira',NULL,NULL,9999,0),
(279,'Emílio Sousa',NULL,NULL,9999,0),
(280,'Eric Scardino',NULL,NULL,9999,0),
(281,'Eric Scmieder',NULL,NULL,9999,0),
(282,'Ethan Bass',NULL,NULL,9999,0),
(283,'Fábio Alves',NULL,NULL,9999,0),
(284,'Fábio Assunção',NULL,NULL,247,0),
(285,'Fábio Azevedo',NULL,NULL,39,128),
(286,'Fábio Braz',NULL,NULL,9999,0),
(287,'Fábio Coelho',NULL,NULL,9999,0),
(288,'Fábio Costa',NULL,NULL,52,66),
(289,'Fabio Gonzalez',NULL,NULL,9999,0),
(290,'Fábio Guimarães',NULL,NULL,9999,0),
(291,'Fábio Henriques',NULL,NULL,9999,0),
(292,'Fábio Machado',NULL,NULL,9999,0),
(293,'Fábio Magalhães',NULL,NULL,9999,0),
(294,'Fábio Marques',NULL,NULL,9999,0),
(295,'Fábio Martins',NULL,NULL,9999,0),
(296,'Fábio Medeiros',NULL,NULL,9999,0),
(297,'Fábio Meneses',NULL,NULL,9999,0),
(298,'Fábio Pereira',NULL,NULL,9999,0),
(299,'Fábio Ribeiro',NULL,NULL,9999,0),
(300,'Fábio Ventura',NULL,NULL,9999,0),
(301,'Fábio Vieira',NULL,NULL,9999,0),
(302,'Felisberto Pereira',NULL,NULL,9999,0),
(303,'Félix Simões',NULL,NULL,244,0),
(304,'Fernandez Torres',NULL,NULL,9999,0),
(305,'Fernando Bento',NULL,NULL,8,0),
(306,'Fernando Castro',NULL,NULL,9999,0),
(307,'Fernando Correia',NULL,NULL,9999,0),
(308,'Fernando Costa',NULL,NULL,9999,0),
(309,'Fernando Esteves',NULL,NULL,9999,0),
(310,'Fernando Ferreira',NULL,NULL,92,0),
(311,'Fernando Guerreiro',NULL,NULL,142,0),
(312,'Fernando Lopes',NULL,NULL,9999,0),
(313,'Fernando Meireles',NULL,NULL,131,0),
(314,'Fernando Pires',NULL,NULL,9999,0),
(315,'Fernando Reis',NULL,NULL,39,0),
(316,'Fernando Santos',NULL,NULL,9999,0),
(317,'Fernando Sieuve',NULL,NULL,9999,0),
(318,'Fernando Silva',NULL,NULL,155,64),
(319,'Fernando Vieira',NULL,NULL,9999,0),
(320,'Filipe Borba',NULL,NULL,9999,0),
(321,'Filipe Brito',NULL,NULL,9999,0),
(322,'Filipe Coelho',NULL,NULL,9999,0),
(323,'Filipe Ferreira',NULL,NULL,247,0),
(324,'Filipe Galego',NULL,NULL,9999,0),
(325,'Filipe Garcia',NULL,NULL,9999,0),
(326,'Filipe Gaspar',NULL,NULL,9999,0),
(327,'Filipe Gordinho',NULL,NULL,158,0),
(328,'Filipe Leite',NULL,NULL,9999,0),
(329,'Filipe Marques',NULL,NULL,9999,0),
(330,'Filipe Miguel',NULL,NULL,9999,0),
(331,'Filipe Miguel Santos',NULL,NULL,9999,0),
(332,'Filipe Moreira',NULL,NULL,92,0),
(333,'Filipe Neri',NULL,NULL,9999,0),
(334,'Filipe Oliveira',NULL,NULL,9999,0),
(335,'Filipe Reis',NULL,NULL,9999,0),
(336,'Filipe Rosendo',NULL,NULL,95,0),
(337,'Filipe Santos',NULL,NULL,9999,0),
(338,'Filipe Schurmann',NULL,NULL,9999,0),
(339,'Filipe Sousa',NULL,NULL,9999,0),
(340,'Filipe Tavares',NULL,NULL,9999,0),
(341,'Filipe Torres',NULL,NULL,9999,0),
(342,'Filipe Vicente',NULL,NULL,9999,0),
(343,'Flávio Carvalho',NULL,NULL,9999,0),
(344,'Flávio Daniel Sampaio',NULL,NULL,9999,0),
(345,'Flávio Dias',NULL,NULL,9999,0),
(346,'Flávio Henriques',NULL,NULL,9999,0),
(347,'Flávio Pereira',NULL,NULL,9999,0),
(348,'Flávio Pinto',NULL,NULL,226,166),
(349,'Francisco Amaral',NULL,NULL,9999,0),
(350,'Francisco E Santo',NULL,NULL,9999,0),
(351,'Francisco Ferreira',NULL,NULL,9999,0),
(352,'Francisco Fonseca',NULL,NULL,9999,0),
(353,'Francisco Font',NULL,NULL,9999,0),
(354,'Francisco Freitas',NULL,NULL,9999,0),
(355,'Francisco Guerreiro',NULL,NULL,9999,0),
(356,'Francisco Henriques',NULL,NULL,9999,0),
(357,'Francisco Lalanda',NULL,NULL,247,0),
(358,'Francisco Marques',NULL,NULL,9999,0),
(359,'Francisco Mora',NULL,NULL,9999,0),
(360,'Francisco R Costa',NULL,NULL,142,105),
(361,'Francisco Ramos',NULL,NULL,143,160),
(362,'Francisco Reis',NULL,NULL,39,96),
(363,'Francisco Rocha',NULL,NULL,9999,0),
(364,'Francisco Rosa',NULL,NULL,9999,0),
(365,'Francisco Santos',NULL,NULL,9999,0),
(366,'Francisco Serrão',NULL,NULL,9999,0),
(367,'Francisco Torres',NULL,NULL,9999,0),
(368,'Francisco Viterbo',NULL,NULL,9999,0),
(369,'Frederico Carreiro',NULL,NULL,9999,0),
(370,'Frederico Carvalho',NULL,NULL,9999,0),
(371,'Frederico Crespo',NULL,NULL,9999,0),
(372,'Frederico Cruz',NULL,NULL,9999,0),
(373,'Frederico Sampaio',NULL,NULL,91,41),
(374,'Gabino Rodrigues',NULL,NULL,9999,0),
(375,'Gabriel Pereira',NULL,NULL,9999,0),
(376,'Gabriel Rodrigues',NULL,NULL,9999,0),
(377,'Gabriel Silva',NULL,NULL,9999,0),
(378,'Gabriel Teixeira',NULL,NULL,9999,0),
(379,'George Almeida',NULL,NULL,9999,0),
(380,'Gil Correia',NULL,NULL,9999,0),
(381,'Ginja Fontes',NULL,NULL,229,0),
(382,'Gio Nuvoli',NULL,NULL,30,0),
(383,'Giuseppe Saracino',NULL,NULL,9999,0),
(384,'Gomes Silva',NULL,NULL,9999,0),
(385,'Gonçalo Amorim',NULL,NULL,9999,0),
(386,'Gonçalo Barbosa',NULL,NULL,9999,0),
(387,'Gonçalo Brites',NULL,NULL,143,0),
(388,'Gonçalo Caetano',NULL,NULL,9999,0),
(389,'Gonçalo Fontes',NULL,NULL,9999,0),
(390,'Gonçalo Inácio',NULL,NULL,9999,0),
(391,'Gonçalo Leite',NULL,NULL,9999,0),
(392,'Gonçalo Lopes',NULL,NULL,9999,0),
(393,'Gonçalo Mesquita',NULL,NULL,9999,0),
(394,'Gonçalo N Veiga',NULL,NULL,229,0),
(395,'Gonçalo Narciso',NULL,NULL,9999,0),
(396,'Gonçalo Oliveira',NULL,NULL,9999,0),
(397,'Gonçalo Rego',NULL,NULL,9999,0),
(398,'Gonçalo Rijo',NULL,NULL,9999,0),
(399,'Gonçalo Santos',NULL,NULL,9999,0),
(400,'Gonçalo Vale',NULL,NULL,9999,0),
(401,'Gonçalo Viegas',NULL,NULL,169,92),
(402,'Gonçalo Vieira',NULL,NULL,9999,0),
(403,'Grzegorz Bulat',NULL,NULL,9999,0),
(404,'Guilherme Capela',NULL,NULL,9999,0),
(405,'Guilherme Franco',NULL,NULL,9999,0),
(406,'Guilherme Guerreiro',NULL,NULL,9999,0),
(407,'Gustavo Gonçalves',NULL,NULL,9999,0),
(408,'Gustavo Silva',NULL,NULL,9999,0),
(409,'Gustavo Vale',NULL,NULL,9999,0),
(410,'Gustavo Vidal',NULL,NULL,9999,0),
(411,'Hélder Barbosa',NULL,NULL,143,0),
(412,'Hélder Dias',NULL,NULL,158,0),
(413,'Hélder Ferreira',NULL,NULL,9999,0),
(414,'Hélder Filipe',NULL,NULL,9999,0),
(415,'Hélder Fonseca',NULL,NULL,169,0),
(416,'Hélder Marques',NULL,NULL,9999,0),
(417,'Hélder Róias',NULL,NULL,155,44),
(418,'Hélio Rodrigues',NULL,NULL,143,153),
(419,'Henrique Borges',NULL,NULL,9999,0),
(420,'Henrique Martins',NULL,NULL,9999,0),
(421,'Henrique Moniz',NULL,NULL,9999,0),
(422,'Henrique Santos',NULL,NULL,9999,0),
(423,'Henrique Vieira',NULL,NULL,226,0),
(424,'Hilário Lopes',NULL,NULL,9999,0),
(425,'Hilário Sousa',NULL,NULL,122,0),
(426,'Hugo Alexandre',NULL,NULL,166,0),
(427,'Hugo Araújo',NULL,NULL,92,0),
(428,'Hugo Barbosa',NULL,NULL,9999,0),
(429,'Hugo Calado',NULL,NULL,65,0),
(430,'Hugo Carvalho',NULL,NULL,223,0),
(431,'Hugo Coimbra',NULL,NULL,9999,0),
(432,'Hugo D Carvalho',NULL,NULL,9999,0),
(433,'Hugo da Silva',NULL,NULL,9999,0),
(434,'Hugo Dias',NULL,NULL,169,150),
(435,'Hugo Ferreira Marques',NULL,NULL,9999,0),
(436,'Hugo Gomes',NULL,NULL,158,0),
(437,'Hugo Marques',NULL,NULL,52,0),
(438,'Hugo Matos',NULL,NULL,9999,0),
(439,'Hugo Pinto',NULL,NULL,9999,0),
(440,'Hugo Ramos',NULL,NULL,9999,0),
(441,'Hugo Silva',NULL,NULL,9999,0),
(442,'Hugo Sousa',NULL,NULL,9999,0),
(443,'Hugo Teixeira',NULL,NULL,93,0),
(444,'Hugo Teles',NULL,NULL,9999,0),
(445,'Hugo Vieira',NULL,NULL,9999,0),
(446,'Huiran Fornazieri',NULL,NULL,9999,0),
(447,'Igor Ribeiro',NULL,NULL,9999,0),
(448,'Ike Ramos',NULL,NULL,3,0),
(449,'Ilídio Pinto',NULL,NULL,9999,0),
(450,'Indalécio Ornelas',NULL,NULL,9999,0),
(451,'Isidro Magalhães',NULL,NULL,223,0),
(452,'Isidro Villanueva',NULL,NULL,9999,0),
(453,'Ivo Fernandes',NULL,NULL,9999,0),
(454,'Ivo Miguel Tavares',NULL,NULL,15,0),
(455,'Ivo Soares',NULL,NULL,9999,0),
(456,'Jaime Costa',NULL,NULL,9999,0),
(457,'Jaime Santos',NULL,NULL,9999,0),
(458,'James DeHavilland',NULL,NULL,9999,0),
(459,'Jarbas Melo',NULL,NULL,9999,0),
(460,'Jeremy Brunel',NULL,NULL,9999,0),
(461,'Jeremy Talbot',NULL,NULL,228,0),
(462,'JJ Roli',NULL,NULL,65,0),
(463,'João Abrantes',NULL,NULL,142,120),
(464,'João Afonso',NULL,NULL,9999,0),
(465,'João Aguilar',NULL,NULL,9999,0),
(466,'João Alexandrino',NULL,NULL,9999,0),
(467,'João Amaral',NULL,NULL,96,107),
(468,'João Andresson',NULL,NULL,9999,0),
(469,'João Antunes',NULL,NULL,9999,0),
(470,'João Araújo Miranda',NULL,NULL,9999,0),
(471,'João Ascenso Mendes',NULL,NULL,9999,0),
(472,'João Bandeira',NULL,NULL,9999,0),
(473,'João Barbosa',NULL,NULL,60,0),
(474,'João Barreira',NULL,NULL,9999,0),
(475,'João Bastos',NULL,NULL,150,0),
(476,'João Bessa',NULL,NULL,9999,0),
(477,'João Bettencourt',NULL,NULL,9999,0),
(478,'João Borges',NULL,NULL,223,0),
(479,'João Brites',NULL,NULL,158,0),
(480,'João Brito',NULL,NULL,92,0),
(481,'João Câmara',NULL,NULL,9999,0),
(482,'João Carreiro',NULL,NULL,111,37),
(483,'João Carvalho',NULL,NULL,9999,0),
(484,'João Cassapo',NULL,NULL,9999,0),
(485,'João Castanheira',NULL,NULL,9999,0),
(486,'João Castelos',NULL,NULL,252,0),
(487,'João Cavaca',NULL,NULL,39,33),
(488,'João Coelho',NULL,NULL,9999,0),
(489,'João Costa',NULL,NULL,9999,0),
(490,'João Coutinho',NULL,NULL,9999,0),
(491,'João D Pereira',NULL,NULL,9999,0),
(492,'João Duarte',NULL,NULL,9999,0),
(493,'João Emanuel Carvalho',NULL,NULL,9999,0),
(494,'João Fernandes',NULL,NULL,9999,84),
(495,'João Ferreira',NULL,NULL,9999,0),
(496,'João Fialho',NULL,NULL,9999,0),
(497,'João Fidalgo',NULL,NULL,9999,0),
(498,'João Filipe Costa',NULL,NULL,9999,0),
(499,'João Filipe Santos',NULL,NULL,9999,0),
(500,'João Frade',NULL,NULL,170,0),
(501,'João Freitas',NULL,NULL,9999,0),
(502,'João Gameiro',NULL,NULL,9999,0),
(503,'João Gil Neves',NULL,NULL,150,0),
(504,'João Gonçalves',NULL,NULL,9999,0),
(505,'João Gouveia',NULL,NULL,92,0),
(506,'João Graça',NULL,NULL,9999,52),
(507,'João Gregório',NULL,NULL,9999,0),
(508,'João Guerreiro',NULL,NULL,9999,0),
(509,'João Gurtner',NULL,NULL,158,28),
(510,'João H Mendes',NULL,NULL,9999,0),
(511,'João Henrique',NULL,NULL,9999,0),
(512,'João Lalanda',NULL,NULL,9999,0),
(513,'João Lebre',NULL,NULL,39,0),
(514,'João Lima',NULL,NULL,188,0),
(515,'João Lino',NULL,NULL,9999,0),
(516,'João Lourenço',NULL,NULL,9999,0),
(517,'João Mariz',NULL,NULL,9999,0),
(518,'João Marques',NULL,NULL,9999,0),
(519,'João Matos',NULL,NULL,247,0),
(520,'João Medeiros',NULL,NULL,9999,0),
(521,'João Meireles',NULL,NULL,9999,0),
(522,'João Mendes',NULL,NULL,59,0),
(523,'João Miranda',NULL,NULL,52,0),
(524,'João Monteiro',NULL,NULL,169,98),
(525,'João Moutinho',NULL,NULL,247,0),
(526,'João N Santos',NULL,NULL,131,0),
(527,'João Narciso Oliveira',NULL,NULL,142,131),
(528,'João Nunes',NULL,NULL,223,0),
(529,'João Nunes Pereira',NULL,NULL,9999,0),
(530,'João Oliveira',NULL,NULL,9999,0),
(531,'João P Coutinho',NULL,NULL,9999,0),
(532,'João P Santos',NULL,NULL,9999,0),
(533,'João Pacheco',NULL,NULL,229,0),
(534,'João Pardal',NULL,NULL,9999,0),
(535,'João Paulo Pires',NULL,NULL,9999,0),
(536,'João Paz',NULL,NULL,9999,0),
(537,'João Pedralva',NULL,NULL,9999,0),
(538,'João Pedro Silva',NULL,NULL,9999,0),
(539,'João Pedro Torres',NULL,NULL,143,140),
(540,'João Pereira',NULL,NULL,9999,0),
(541,'João Pinto',NULL,NULL,9999,0),
(542,'João Pires',NULL,NULL,9999,0),
(543,'João Rodrigues',NULL,NULL,9999,0),
(544,'João Romão',NULL,NULL,9999,0),
(545,'João S Sousa',NULL,NULL,9999,0),
(546,'João Santos',NULL,NULL,9999,0),
(547,'João Santos [2020]',NULL,NULL,9999,0),
(548,'João Silva',NULL,NULL,9999,0),
(549,'João Sousa',NULL,NULL,9999,0),
(550,'João Tavares',NULL,NULL,9999,0),
(551,'João Teves',NULL,NULL,9999,0),
(552,'João V Sousa',NULL,NULL,9999,0),
(553,'João Vieira Mendes',NULL,NULL,9999,0),
(554,'João Vigário',NULL,NULL,9999,0),
(555,'Joaquim Cabral',NULL,NULL,9999,0),
(556,'Joaquim Ribeiro',NULL,NULL,9999,0),
(557,'Joaquim Silva',NULL,NULL,9999,0),
(558,'Joaquim Teles',NULL,NULL,9999,0),
(559,'Joel Fernandes',NULL,NULL,195,156),
(560,'Joel Pereira',NULL,NULL,9999,0),
(561,'Jorge Afonseca',NULL,NULL,229,15),
(562,'Jorge Alves',NULL,NULL,229,142),
(563,'Jorge Antunes',NULL,NULL,9999,0),
(564,'Jorge Augusto',NULL,NULL,197,0),
(565,'Jorge Carvalho',NULL,NULL,9999,0),
(566,'Jorge Correia',NULL,NULL,9999,0),
(567,'Jorge Costa',NULL,NULL,9999,0),
(568,'Jorge Giménez',NULL,NULL,9999,0),
(569,'Jorge Marcelino',NULL,NULL,91,184),
(570,'Jorge Mendes',NULL,NULL,9999,0),
(571,'Jorge Moreira',NULL,NULL,9999,0),
(572,'Jorge Peixinho',NULL,NULL,9999,0),
(573,'Jorge Sampaio',NULL,NULL,142,181),
(574,'Jorge Vicente',NULL,NULL,9999,0),
(575,'Jorge Viterbo',NULL,NULL,9999,0),
(576,'José Almeida',NULL,NULL,59,14),
(577,'José Araújo',NULL,NULL,9999,0),
(578,'José Augusto',NULL,NULL,9999,0),
(579,'José Barbosa',NULL,NULL,9999,0),
(580,'José Chaves',NULL,NULL,9999,0),
(581,'José Costa',NULL,NULL,9999,0),
(582,'José Domingues',NULL,NULL,9999,0),
(583,'José Gonçalves',NULL,NULL,9999,0),
(584,'José Guilherme',NULL,NULL,9999,0),
(585,'José Leite',NULL,NULL,9999,0),
(586,'José Lima',NULL,NULL,155,0),
(587,'José M Almeida',NULL,NULL,9999,0),
(588,'José Manuel Santos',NULL,NULL,9999,0),
(589,'José Miguel Carneiro',NULL,NULL,9999,0),
(590,'José Miguel Correia',NULL,NULL,9999,0),
(591,'José Oliveira',NULL,NULL,9999,0),
(592,'José Pedro Faria',NULL,NULL,9999,0),
(593,'José Peixoto',NULL,NULL,9999,0),
(594,'José Pereira',NULL,NULL,9999,0),
(595,'José Raposo',NULL,NULL,15,0),
(596,'José Sampaio',NULL,NULL,176,0),
(597,'José Silva',NULL,NULL,9999,0),
(598,'José Simões',NULL,NULL,9999,0),
(599,'José Sousa',NULL,NULL,169,40),
(600,'José Teixeira',NULL,NULL,9999,0),
(601,'José Vasconcelos',NULL,NULL,155,0),
(602,'Júlio Furtado',NULL,NULL,9999,0),
(603,'Júlio Guimarães',NULL,NULL,176,0),
(604,'Júlio Maia',NULL,NULL,9999,0),
(605,'Júlio Sousa',NULL,NULL,9999,0),
(606,'Kaashif Iftikhar',NULL,NULL,245,0),
(607,'Kevin Begue',NULL,NULL,9999,0),
(608,'Kiko Santos',NULL,NULL,205,0),
(609,'Lars Jeppeson',NULL,NULL,9999,0),
(610,'Leandro Castro',NULL,NULL,9999,0),
(611,'Leandro Cruz',NULL,NULL,252,0),
(612,'Leandro Mendonça',NULL,NULL,59,38),
(613,'Leandro Pereira',NULL,NULL,9999,0),
(614,'Leandro Raínho',NULL,NULL,9999,0),
(615,'Leonardo Marques',NULL,NULL,9999,0),
(616,'Leonel Carneiro',NULL,NULL,9999,0),
(617,'Lino Carreira',NULL,NULL,166,59),
(618,'Lionel Sardinha',NULL,NULL,9999,0),
(619,'Lisandro Alves',NULL,NULL,9999,0),
(620,'Lorenzo Gasperotti',NULL,NULL,9999,0),
(621,'Luca Matrigiani',NULL,NULL,9999,0),
(622,'Lucas Gonçalves',NULL,NULL,203,0),
(623,'Lucas Lôbo',NULL,NULL,9999,0),
(624,'Lúcio Freitas',NULL,NULL,238,0),
(625,'Luís Ace',NULL,NULL,9999,0),
(626,'Luís Alonso',NULL,NULL,9999,174),
(627,'Luís Azinheira',NULL,NULL,9999,0),
(628,'Luís Baptista',NULL,NULL,9999,0),
(629,'Luís Barbosa',NULL,NULL,9999,0),
(630,'Luís Botelho',NULL,NULL,9999,0),
(631,'Luís Branco',NULL,NULL,223,0),
(632,'Luís Cabral',NULL,NULL,9999,0),
(633,'Luís Carlos Rodrigues',NULL,NULL,9999,0),
(634,'Luís Carreiro',NULL,NULL,111,55),
(635,'Luís Carvalho',NULL,NULL,9999,0),
(636,'Luís Costa',NULL,NULL,9999,0),
(637,'Luís Fernandes',NULL,NULL,9999,0),
(638,'Luís Ferreira',NULL,NULL,9999,0),
(639,'Luís Figueiredo',NULL,NULL,9999,0),
(640,'Luís Filipe Ferreira',NULL,NULL,16,0),
(641,'Luís Filipe Oliveira',NULL,NULL,229,0),
(642,'Luís Freire',NULL,NULL,9999,0),
(643,'Luís Freitas',NULL,NULL,9999,0),
(644,'Luís Godinho',NULL,NULL,169,196),
(645,'Luís Jesus',NULL,NULL,9999,0),
(646,'Luís Lobo',NULL,NULL,157,110),
(647,'Luís Maria Lisboa',NULL,NULL,9999,0),
(648,'Luís Mateus',NULL,NULL,9999,0),
(649,'Luís Moura',NULL,NULL,9999,0),
(650,'Luís Nabais',NULL,NULL,9999,0),
(651,'Luís Oliveira',NULL,NULL,9999,0),
(652,'Luís P Silva',NULL,NULL,9999,0),
(653,'Luís Paulo Sousa',NULL,NULL,9999,0),
(654,'Luís Pinheiro',NULL,NULL,9999,0),
(655,'Luís Pinto',NULL,NULL,9999,0),
(656,'Luís Pires',NULL,NULL,9999,0),
(657,'Luís Rodrigues',NULL,NULL,9999,0),
(658,'Luís Silva',NULL,NULL,9999,0),
(659,'Luís Soares',NULL,NULL,18,0),
(660,'Luís Teixeira Ferreira',NULL,NULL,9999,0),
(661,'Luiz Pedroso Júnior',NULL,NULL,9999,0),
(662,'Luka Tavares',NULL,NULL,9999,0),
(663,'Manuel Aleixo',NULL,NULL,9999,0),
(664,'Manuel Alves',NULL,NULL,169,0),
(665,'Manuel Capitão',NULL,NULL,9999,0),
(666,'Manuel J Alves',NULL,NULL,247,0),
(667,'Manuel Maia',NULL,NULL,9999,0),
(668,'Manuel Martins',NULL,NULL,9999,0),
(669,'Manuel Pinto Dos Santos',NULL,NULL,9999,0),
(670,'Manuel Salado',NULL,NULL,9999,0),
(671,'Marc Neutelings',NULL,NULL,9999,0),
(672,'Marcelo Beckmann',NULL,NULL,9999,0),
(673,'Marcelo Carvalho',NULL,NULL,91,194),
(674,'Marcelo Fortio',NULL,NULL,226,34),
(675,'Márcio Jesus',NULL,NULL,9999,0),
(676,'Márcio Morais',NULL,NULL,9999,0),
(677,'Márcio Nóbrega',NULL,NULL,9999,0),
(678,'Márcio Rocha',NULL,NULL,9999,0),
(679,'Márcio Sousa',NULL,NULL,9999,0),
(680,'Marco Ascensão',NULL,NULL,9999,0),
(681,'Marco Carvalho',NULL,NULL,9999,0),
(682,'Marco Ervões',NULL,NULL,9999,0),
(683,'Marco Félix',NULL,NULL,158,0),
(684,'Marco Fernandes',NULL,NULL,9999,0),
(685,'Marco Frade',NULL,NULL,170,49),
(686,'Marco Marinheira',NULL,NULL,9999,0),
(687,'Marco Marinho',NULL,NULL,9999,0),
(688,'Marco Martins',NULL,NULL,9999,0),
(689,'Marco Nogueira',NULL,NULL,9999,0),
(690,'Marco Pereira',NULL,NULL,9999,0),
(691,'Marco Preda',NULL,NULL,52,0),
(692,'Marco Resendes',NULL,NULL,9999,0),
(693,'Marco Rosas',NULL,NULL,9999,0),
(694,'Marco Santos',NULL,NULL,9999,0),
(695,'Marco Silva',NULL,NULL,9999,0),
(696,'Marcos Gonçalves',NULL,NULL,9999,0),
(697,'Marcos Simões',NULL,NULL,9999,0),
(698,'Marcos Sousa',NULL,NULL,9999,0),
(699,'Mário Barbosa',NULL,NULL,9999,0),
(700,'Mário Castro',NULL,NULL,9999,0),
(701,'Mário Correia Silva',NULL,NULL,9999,0),
(702,'Mário Corvelo',NULL,NULL,9999,0),
(703,'Mário Fonseca',NULL,NULL,9999,0),
(704,'Mário Leitao',NULL,NULL,9999,0),
(705,'Mário Leitão',NULL,NULL,9999,0),
(706,'Mário Loureiro',NULL,NULL,59,0),
(707,'Mário Peixoto',NULL,NULL,9999,20),
(708,'Mário Pereira',NULL,NULL,9999,0),
(709,'Mário Piao',NULL,NULL,19,0),
(710,'Mário Rocha',NULL,NULL,157,0),
(711,'Mário Serafim',NULL,NULL,9999,146),
(712,'Mário Silva',NULL,NULL,9999,0),
(713,'Mário Sousa',NULL,NULL,145,0),
(714,'Markes Mendes',NULL,NULL,9999,0),
(715,'Martinho Tereso',NULL,NULL,30,0),
(716,'Massimiliano Ferrari',NULL,NULL,9999,0),
(717,'Matteo Marano',NULL,NULL,9999,0),
(718,'Mauro Araújo',NULL,NULL,54,0),
(719,'Melih Cakmakli',NULL,NULL,9999,0),
(720,'Micael Domingos',NULL,NULL,9999,0),
(721,'Miguel Alexandre',NULL,NULL,9999,0),
(722,'Miguel Alpalhão',NULL,NULL,9999,0),
(723,'Miguel Alves',NULL,NULL,9999,0),
(724,'Miguel B Ferreira',NULL,NULL,9999,0),
(725,'Miguel Borges',NULL,NULL,145,0),
(726,'Miguel Cabral',NULL,NULL,193,0),
(727,'Miguel Cabral Ferreira',NULL,NULL,97,0),
(728,'Miguel Cardoso',NULL,NULL,9999,0),
(729,'Miguel Carvalho',NULL,NULL,9999,0),
(730,'Miguel Couto',NULL,NULL,9999,0),
(731,'Miguel Esteves',NULL,NULL,9999,0),
(732,'Miguel Ferreira',NULL,NULL,9999,0),
(733,'Miguel Freitas',NULL,NULL,9999,0),
(734,'Miguel Guedes',NULL,NULL,59,0),
(735,'Miguel Inácio',NULL,NULL,9999,0),
(736,'Miguel Lima',NULL,NULL,9999,0),
(737,'Miguel Lopes',NULL,NULL,9999,0),
(738,'Miguel Machado',NULL,NULL,226,0),
(739,'Miguel Mata',NULL,NULL,93,0),
(740,'Miguel Meireles',NULL,NULL,9999,0),
(741,'Miguel Melo',NULL,NULL,9999,0),
(742,'Miguel Mendes Freitas',NULL,NULL,9999,0),
(743,'Miguel Moreira',NULL,NULL,9999,0),
(744,'Miguel Nascimento',NULL,NULL,166,0),
(745,'Miguel Neto',NULL,NULL,9999,143),
(746,'Miguel Oliveira',NULL,NULL,59,0),
(747,'Miguel Pimenta',NULL,NULL,9999,101),
(748,'Miguel Pinto',NULL,NULL,9999,0),
(749,'Miguel R Ferreira',NULL,NULL,39,0),
(750,'Miguel Rosa',NULL,NULL,9999,85),
(751,'Miguel Santos',NULL,NULL,9999,0),
(752,'Miguel Silva',NULL,NULL,9999,0),
(753,'Miguel Simões',NULL,NULL,193,0),
(754,'Miguel Soares',NULL,NULL,9999,138),
(755,'Miguel Wayne',NULL,NULL,9,0),
(756,'Milton Mota',NULL,NULL,143,0),
(757,'Moisés Carvalho',NULL,NULL,9999,0),
(758,'Moisés Teixeira',NULL,NULL,185,0),
(759,'Neilson Sheik',NULL,NULL,9999,0),
(760,'Nelson Costa de Sousa',NULL,NULL,96,0),
(761,'Nelson Inácio',NULL,NULL,169,0),
(762,'Nelson Lira',NULL,NULL,9999,79),
(763,'Nelson Pedrosa',NULL,NULL,197,0),
(764,'Nelson Pinto',NULL,NULL,9999,0),
(765,'Nelson Prioste',NULL,NULL,9999,0),
(766,'Nelson Simões',NULL,NULL,9999,0),
(767,'Nelson Vital',NULL,NULL,66,0),
(768,'Nick Newcombe',NULL,NULL,9999,0),
(769,'Niko Fidalgo',NULL,NULL,9999,0),
(770,'Nilton Carvalho',NULL,NULL,9999,0),
(771,'Nipam Shah',NULL,NULL,9999,0),
(772,'Noel Coelho',NULL,NULL,155,0),
(773,'Nuno Antunes',NULL,NULL,9999,8),
(774,'Nuno Aparício',NULL,NULL,9999,0),
(775,'Nuno Basto',NULL,NULL,9999,0),
(776,'Nuno Bessa',NULL,NULL,9999,0),
(777,'Nuno Borges',NULL,NULL,9999,0),
(778,'Nuno Cabral',NULL,NULL,9999,0),
(779,'Nuno Caetano',NULL,NULL,9999,0),
(780,'Nuno Carreira',NULL,NULL,16,0),
(781,'Nuno Carvalhosa',NULL,NULL,9999,0),
(782,'Nuno Catarino',NULL,NULL,65,0),
(783,'Nuno Dinis',NULL,NULL,226,0),
(784,'Nuno Duarte',NULL,NULL,143,5),
(785,'Nuno Fernandes',NULL,NULL,9999,186),
(786,'Nuno Gomes',NULL,NULL,9999,0),
(787,'Nuno Guedes',NULL,NULL,59,0),
(788,'Nuno Inácio',NULL,NULL,9999,0),
(789,'Nuno JS Antunes',NULL,NULL,193,0),
(790,'Nuno Leite Castro',NULL,NULL,9999,129),
(791,'Nuno Lourenço',NULL,NULL,9999,0),
(792,'Nuno M Santos',NULL,NULL,9999,0),
(793,'Nuno Macedo',NULL,NULL,9999,0),
(794,'Nuno Marques',NULL,NULL,9999,0),
(795,'Nuno Martins',NULL,NULL,143,0),
(796,'Nuno Miguel Abreu',NULL,NULL,191,121),
(797,'Nuno Pinto',NULL,NULL,9999,0),
(798,'Nuno Quá',NULL,NULL,9999,0),
(799,'Nuno Relvas',NULL,NULL,18,0),
(800,'Nuno Ricardo',NULL,NULL,111,72),
(801,'Nuno Rodrigues',NULL,NULL,9999,26),
(802,'Nuno Rosa',NULL,NULL,52,0),
(803,'Nuno Sá Rodrigues',NULL,NULL,9999,0),
(804,'Nuno Silva',NULL,NULL,9999,0),
(805,'Nuno Spínola',NULL,NULL,170,0),
(806,'Nuno Vitória',NULL,NULL,9999,3),
(807,'Oane de Vries',NULL,NULL,9999,0),
(808,'Octávio Correia',NULL,NULL,9999,0),
(809,'Orlando Telheiro',NULL,NULL,9999,0),
(810,'Osvaldo Coelho Jr.',NULL,NULL,155,0),
(811,'Osvaldo Sousa',NULL,NULL,229,89),
(812,'Otelo Gonzaga',NULL,NULL,9999,0),
(813,'Paolo Pennimpede',NULL,NULL,229,0),
(814,'Patrick Pinto',NULL,NULL,9999,0),
(815,'Paulo Afonso',NULL,NULL,9999,0),
(816,'Paulo Baptista',NULL,NULL,9999,0),
(817,'Paulo Brás',NULL,NULL,65,0),
(818,'Paulo Cosme',NULL,NULL,9999,0),
(819,'Paulo Costa',NULL,NULL,9999,0),
(820,'Paulo D Sousa',NULL,NULL,155,0),
(821,'Paulo Ferreira',NULL,NULL,39,137),
(822,'Paulo Fraga',NULL,NULL,9999,0),
(823,'Paulo Franco',NULL,NULL,9999,0),
(824,'Paulo Guerreiro',NULL,NULL,75,0),
(825,'Paulo Honorato',NULL,NULL,9999,0),
(826,'Paulo Lima',NULL,NULL,9999,0),
(827,'Paulo Marinho',NULL,NULL,9999,0),
(828,'Paulo Marques',NULL,NULL,226,0),
(829,'Paulo Martinho',NULL,NULL,9999,108),
(830,'Paulo Medeiros',NULL,NULL,9,0),
(831,'Paulo Mota',NULL,NULL,9999,0),
(832,'Paulo Neves',NULL,NULL,9999,0),
(833,'Paulo Novais',NULL,NULL,9999,0),
(834,'Paulo Nunes',NULL,NULL,9999,0),
(835,'Paulo Oliveira',NULL,NULL,9999,0),
(836,'Paulo Pedrosa',NULL,NULL,169,0),
(837,'Paulo Pizarro',NULL,NULL,39,127),
(838,'Paulo Regadas',NULL,NULL,9999,103),
(839,'Paulo Rodrigues',NULL,NULL,9999,0),
(840,'Paulo Santos',NULL,NULL,169,0),
(841,'Paulo Sousa',NULL,NULL,111,50),
(842,'Paulo Teixeira',NULL,NULL,169,4),
(843,'Paulo Teixeira [Playteam]',NULL,NULL,9999,0),
(844,'Paulo Tempera',NULL,NULL,9999,0),
(845,'Paulo Veríssimo',NULL,NULL,157,0),
(846,'Paulo Viegas',NULL,NULL,142,151),
(847,'Pedro Almeida',NULL,NULL,9999,6),
(848,'Pedro Alves',NULL,NULL,229,0),
(849,'Pedro Amaral',NULL,NULL,9999,176),
(850,'Pedro Araújo',NULL,NULL,169,0),
(851,'Pedro Baiona',NULL,NULL,9999,125),
(852,'Pedro Barata',NULL,NULL,9999,0),
(853,'Pedro Barbosa',NULL,NULL,9999,0),
(854,'Pedro Barcelos',NULL,NULL,9999,0),
(855,'Pedro Barroso',NULL,NULL,9999,0),
(856,'Pedro Bartolomeu',NULL,NULL,9999,0),
(857,'Pedro Bento',NULL,NULL,9999,0),
(858,'Pedro Bragança',NULL,NULL,145,0),
(859,'Pedro C Costa',NULL,NULL,9999,0),
(860,'Pedro Carreira',NULL,NULL,223,0),
(861,'Pedro Casal',NULL,NULL,9999,0),
(862,'Pedro Coelho',NULL,NULL,9999,0),
(863,'Pedro Contente',NULL,NULL,93,0),
(864,'Pedro Costa',NULL,NULL,39,0),
(865,'Pedro D Lopes',NULL,NULL,111,134),
(866,'Pedro Dias da Silva',NULL,NULL,9999,69),
(867,'Pedro Domingues',NULL,NULL,9999,0),
(868,'Pedro Duarte',NULL,NULL,9999,0),
(869,'Pedro Estevão',NULL,NULL,9999,0),
(870,'Pedro Estêvão',NULL,NULL,9999,0),
(871,'Pedro Faísca',NULL,NULL,9999,0),
(872,'Pedro Faria',NULL,NULL,9999,0),
(873,'Pedro Ferreira',NULL,NULL,39,0),
(874,'Pedro Figueiras',NULL,NULL,9999,0),
(875,'Pedro Filipe Marques',NULL,NULL,39,182),
(876,'Pedro Gomes',NULL,NULL,111,0),
(877,'Pedro Lebre',NULL,NULL,92,94),
(878,'Pedro Lima Jr.',NULL,NULL,9999,0),
(879,'Pedro Lopes',NULL,NULL,9999,0),
(880,'Pedro Loureiro',NULL,NULL,9999,0),
(881,'Pedro Louro',NULL,NULL,9999,0),
(882,'Pedro M Costa',NULL,NULL,9999,0),
(883,'Pedro M Silva',NULL,NULL,9999,0),
(884,'Pedro Marques',NULL,NULL,9999,0),
(885,'Pedro Martins',NULL,NULL,9999,0),
(886,'Pedro Matos',NULL,NULL,9999,0),
(887,'Pedro Melim',NULL,NULL,9999,0),
(888,'Pedro Mendes',NULL,NULL,9999,0),
(889,'Pedro Miguel Faria',NULL,NULL,145,0),
(890,'Pedro Morgado',NULL,NULL,59,0),
(891,'Pedro Mouga',NULL,NULL,9999,0),
(892,'Pedro Mourão',NULL,NULL,9999,0),
(893,'Pedro Nelson',NULL,NULL,9999,0),
(894,'Pedro Neves Sousa',NULL,NULL,9999,0),
(895,'Pedro Nunes',NULL,NULL,158,0),
(896,'Pedro Nunes Santos',NULL,NULL,142,0),
(897,'Pedro O\'Connor',NULL,NULL,9999,0),
(898,'Pedro Oliveira',NULL,NULL,9999,168),
(899,'Pedro Pacheco',NULL,NULL,9999,0),
(900,'Pedro Pereira',NULL,NULL,9999,0),
(901,'Pedro Pimentel',NULL,NULL,191,0),
(902,'Pedro Pinto',NULL,NULL,9999,0),
(903,'Pedro Ramada',NULL,NULL,9999,58),
(904,'Pedro Ramos',NULL,NULL,9999,0),
(905,'Pedro Rebelo',NULL,NULL,111,0),
(906,'Pedro Rego',NULL,NULL,9999,0),
(907,'Pedro Roldan',NULL,NULL,9999,0),
(908,'Pedro Rosado',NULL,NULL,9999,0),
(909,'Pedro S Alves',NULL,NULL,9999,0),
(910,'Pedro S Lima',NULL,NULL,9999,0),
(911,'Pedro Santos',NULL,NULL,252,0),
(912,'Pedro Santos Paio',NULL,NULL,16,0),
(913,'Pedro Silva',NULL,NULL,9999,21),
(914,'Pedro Silva [APEX]',NULL,NULL,9999,0),
(915,'Pedro Sousa',NULL,NULL,9999,0),
(916,'Pedro T Oliveira',NULL,NULL,9999,0),
(917,'Pedro Tendinha',NULL,NULL,9999,0),
(918,'Pedro Tomé',NULL,NULL,9999,0),
(919,'Pedro Trindade',NULL,NULL,9999,0),
(920,'Pedro Vieira',NULL,NULL,9999,0),
(921,'Plácido Coimbra',NULL,NULL,93,0),
(922,'Rafael Carmo',NULL,NULL,9999,0),
(923,'Rafael Duarte',NULL,NULL,247,0),
(924,'Rafael Elyeder',NULL,NULL,9999,0),
(925,'Rafael Lobato',NULL,NULL,9999,0),
(926,'Rafael Machado',NULL,NULL,9999,0),
(927,'Rafael Malho',NULL,NULL,205,177),
(928,'Rafael Oliveira',NULL,NULL,9999,0),
(929,'Rafael Santos',NULL,NULL,9999,0),
(930,'Rafael Sérgio',NULL,NULL,9999,0),
(931,'Rafael Serrano',NULL,NULL,9999,0),
(932,'Raphael Alves',NULL,NULL,9999,0),
(933,'Raphael Nunes',NULL,NULL,9999,0),
(934,'Renan Ribeiro',NULL,NULL,59,0),
(935,'Renato Ferreira',NULL,NULL,9999,0),
(936,'Renato Figueiredo',NULL,NULL,9999,189),
(937,'Renato Miranda',NULL,NULL,9999,0),
(938,'Renato Ribeiro',NULL,NULL,9999,0),
(939,'Renato Tunes',NULL,NULL,169,0),
(940,'Ricardo Almeida',NULL,NULL,9999,0),
(941,'Ricardo Belo',NULL,NULL,9999,0),
(942,'Ricardo Caeiro',NULL,NULL,9999,0),
(943,'Ricardo Caetano',NULL,NULL,9999,0),
(944,'Ricardo Cardoso',NULL,NULL,9999,0),
(945,'Ricardo Carvalho',NULL,NULL,9999,0),
(946,'Ricardo Claro',NULL,NULL,9999,0),
(947,'Ricardo Costa',NULL,NULL,9999,0),
(948,'Ricardo Cruz',NULL,NULL,52,0),
(949,'Ricardo Cunha',NULL,NULL,157,0),
(950,'Ricardo Fernandes',NULL,NULL,9999,133),
(951,'Ricardo Ferreira',NULL,NULL,9999,65),
(952,'Ricardo Fonseca',NULL,NULL,9999,0),
(953,'Ricardo Freitas',NULL,NULL,170,0),
(954,'Ricardo Galhardo',NULL,NULL,9999,0),
(955,'Ricardo Gama',NULL,NULL,9999,0),
(956,'Ricardo Garrido',NULL,NULL,226,0),
(957,'Ricardo Gonçalves',NULL,NULL,9999,0),
(958,'Ricardo Grachinha',NULL,NULL,9999,31),
(959,'Ricardo Guimarães',NULL,NULL,9999,0),
(960,'Ricardo Jorge Fernandes',NULL,NULL,9999,0),
(961,'Ricardo Lopes',NULL,NULL,9999,0),
(962,'Ricardo Lousa',NULL,NULL,9999,0),
(963,'Ricardo Luís Pereira',NULL,NULL,9999,9),
(964,'Ricardo Magalhães',NULL,NULL,166,0),
(965,'Ricardo Maia',NULL,NULL,91,0),
(966,'Ricardo Maravilha',NULL,NULL,9999,0),
(967,'Ricardo Marcelino',NULL,NULL,223,16),
(968,'Ricardo Marques',NULL,NULL,9999,0),
(969,'Ricardo Martins',NULL,NULL,9999,0),
(970,'Ricardo Mestre',NULL,NULL,9999,0),
(971,'Ricardo Milheirão',NULL,NULL,259,0),
(972,'Ricardo Monteiro',NULL,NULL,9999,0),
(973,'Ricardo Moreira',NULL,NULL,9999,0),
(974,'Ricardo Neto',NULL,NULL,9999,0),
(975,'Ricardo Pereira',NULL,NULL,9999,0),
(976,'Ricardo Pires',NULL,NULL,9999,0),
(977,'Ricardo Reis',NULL,NULL,205,0),
(978,'Ricardo Rodrigues',NULL,NULL,9999,0),
(979,'Ricardo Santos',NULL,NULL,9999,0),
(980,'Ricardo Séca',NULL,NULL,9999,0),
(981,'Ricardo Silva',NULL,NULL,111,0),
(982,'Ricardo Simões',NULL,NULL,9999,0),
(983,'Ricardo Torres',NULL,NULL,9999,0),
(984,'Ricardo V Silva',NULL,NULL,9999,0),
(985,'Roberto Artur',NULL,NULL,9999,0),
(986,'Roberto Cruz',NULL,NULL,9999,0),
(987,'Roberto Medeiros',NULL,NULL,155,0),
(988,'Rodolfo Abreu',NULL,NULL,9999,0),
(989,'Rodolfo Beato',NULL,NULL,9999,0),
(990,'Rodolfo Nogueira',NULL,NULL,145,0),
(991,'Rodrigo Barca',NULL,NULL,9999,0),
(992,'Rodrigo Barros',NULL,NULL,9999,0),
(993,'Rodrigo Cunha',NULL,NULL,9999,0),
(994,'Rodrigo Guerra',NULL,NULL,9999,0),
(995,'Rodrigo Pavão',NULL,NULL,9999,0),
(996,'Rodrigo Portugal',NULL,NULL,59,0),
(997,'Rodrigo Ribeiro',NULL,NULL,9999,0),
(998,'Rodrigo Vidigal',NULL,NULL,9999,0),
(999,'Rogério Figueiredo',NULL,NULL,59,0),
(1000,'Rúben Albernaz',NULL,NULL,9999,0),
(1001,'Rúben Almeida',NULL,NULL,9999,139),
(1002,'Rúben Conceição',NULL,NULL,9999,0),
(1003,'Rúben Costa',NULL,NULL,9999,0),
(1004,'Rúben Fonseca',NULL,NULL,9999,0),
(1005,'Rúben Gregório',NULL,NULL,75,0),
(1006,'Rúben Leite',NULL,NULL,9999,0),
(1007,'Rúben Lourenço',NULL,NULL,39,0),
(1008,'Rúben Oliveira',NULL,NULL,169,0),
(1009,'Rúben Pereira',NULL,NULL,9999,136),
(1010,'Rúben Rocha',NULL,NULL,9999,0),
(1011,'Rui Ávila',NULL,NULL,9999,0),
(1012,'Rui Costa',NULL,NULL,9999,0),
(1013,'Rui Couto',NULL,NULL,155,0),
(1014,'Rui Cunha',NULL,NULL,9999,0),
(1015,'Rui Filipe',NULL,NULL,9999,0),
(1016,'Rui Freitas',NULL,NULL,9999,0),
(1017,'Rui Frias',NULL,NULL,9999,0),
(1018,'Rui Gabriel Rodrigues',NULL,NULL,155,0),
(1019,'Rui Garcia',NULL,NULL,9999,0),
(1020,'Rui Gonçalves',NULL,NULL,9999,116),
(1021,'Rui Leitão',NULL,NULL,59,0),
(1022,'Rui Lopo',NULL,NULL,9999,0),
(1023,'Rui Martins',NULL,NULL,9999,24),
(1024,'Rui Miguel Vieira',NULL,NULL,9999,0),
(1025,'Rui Moreira',NULL,NULL,157,0),
(1026,'Rui Nunes',NULL,NULL,169,0),
(1027,'Rui Oliveira',NULL,NULL,9999,0),
(1028,'Rui Paiva',NULL,NULL,9999,109),
(1029,'Rui Pereira',NULL,NULL,9999,0),
(1030,'Rui Reis',NULL,NULL,157,0),
(1031,'Rui Rocha',NULL,NULL,9999,0),
(1032,'Rui Santos',NULL,NULL,9999,111),
(1033,'Rui Sousa',NULL,NULL,9999,0),
(1034,'Ruthem Berger',NULL,NULL,9999,0),
(1035,'Samuel Oliveira',NULL,NULL,111,0),
(1036,'Samuel Torrado',NULL,NULL,9999,0),
(1037,'Sandro Pinho',NULL,NULL,52,46),
(1038,'Sandro Silva',NULL,NULL,9999,0),
(1039,'Sandro Simões',NULL,NULL,9999,86),
(1040,'Santiago Gomes',NULL,NULL,9999,0),
(1041,'Saulo Ventura',NULL,NULL,9999,0),
(1042,'Serafim Carvalho',NULL,NULL,92,0),
(1043,'Sérgio Avelar',NULL,NULL,223,0),
(1044,'Sérgio Azevedo',NULL,NULL,9999,0),
(1045,'Sérgio Correia',NULL,NULL,93,0),
(1046,'Sérgio Gonçalves',NULL,NULL,9999,0),
(1047,'Sérgio Júnior',NULL,NULL,111,0),
(1048,'Sérgio Lourenço',NULL,NULL,9999,0),
(1049,'Sérgio Miranda',NULL,NULL,9999,25),
(1050,'Sérgio Mota',NULL,NULL,9999,32),
(1051,'Sérgio Moura',NULL,NULL,9999,0),
(1052,'Sérgio Pinheiro',NULL,NULL,9999,0),
(1053,'Sérgio Pinto',NULL,NULL,9999,0),
(1054,'Sérgio Pires',NULL,NULL,9999,0),
(1055,'Sérgio Ramada',NULL,NULL,252,0),
(1056,'Sérgio Real',NULL,NULL,9999,0),
(1057,'Sérgio Sá',NULL,NULL,9999,0),
(1058,'Sérgio Vieira',NULL,NULL,169,0),
(1059,'Sidónio Moreira',NULL,NULL,9999,0),
(1060,'Silvino Rodrigues',NULL,NULL,9999,115),
(1061,'Sílvio Cró',NULL,NULL,205,0),
(1062,'Silvio Santos',NULL,NULL,245,0),
(1063,'Simão Pereira',NULL,NULL,9999,0),
(1064,'Simon Marshall',NULL,NULL,9999,0),
(1065,'Simone Bisoglio',NULL,NULL,9999,0),
(1066,'Sito Rivera',NULL,NULL,169,0),
(1067,'Stefan Batista',NULL,NULL,9999,0),
(1068,'Stephane Lavallee',NULL,NULL,39,0),
(1069,'Steve Rodrigues',NULL,NULL,9999,0),
(1070,'Tadeu Soares',NULL,NULL,9999,135),
(1071,'Telésforo Freitas',NULL,NULL,9999,0),
(1072,'Telmo Barreira',NULL,NULL,9999,0),
(1073,'Telmo Pedrosa',NULL,NULL,9999,0),
(1074,'Telmo Vieira',NULL,NULL,9999,179),
(1075,'Tiago Aguiar',NULL,NULL,9999,0),
(1076,'Tiago Bogas',NULL,NULL,9999,0),
(1077,'Tiago Botelho',NULL,NULL,9999,0),
(1078,'Tiago Campos',NULL,NULL,9999,0),
(1079,'Tiago Carvalho',NULL,NULL,9999,0),
(1080,'Tiago Castro',NULL,NULL,9999,102),
(1081,'Tiago Costa',NULL,NULL,9999,0),
(1082,'Tiago Cruz',NULL,NULL,9999,0),
(1083,'Tiago Dias',NULL,NULL,9999,0),
(1084,'Tiago F Silva',NULL,NULL,9999,0),
(1085,'Tiago Fernandes',NULL,NULL,9999,0),
(1086,'Tiago Ferreira',NULL,NULL,143,0),
(1087,'Tiago Fonseca',NULL,NULL,9999,0),
(1088,'Tiago Fortuna',NULL,NULL,9999,0),
(1089,'Tiago Freitas',NULL,NULL,9999,0),
(1090,'Tiago Garcia',NULL,NULL,111,0),
(1091,'Tiago Gomes',NULL,NULL,9999,0),
(1092,'Tiago Gouveia',NULL,NULL,157,56),
(1093,'Tiago Guerreiro',NULL,NULL,9999,0),
(1094,'Tiago Lapa',NULL,NULL,9999,82),
(1095,'Tiago Lima',NULL,NULL,9999,0),
(1096,'Tiago Lopes',NULL,NULL,143,0),
(1097,'Tiago Loureiro',NULL,NULL,157,0),
(1098,'Tiago Mendes',NULL,NULL,9999,0),
(1099,'Tiago Monteiro',NULL,NULL,9999,93),
(1100,'Tiago Morais',NULL,NULL,93,0),
(1101,'Tiago Nova',NULL,NULL,9999,0),
(1102,'Tiago Nunes',NULL,NULL,9999,0),
(1103,'Tiago Oliveira',NULL,NULL,9999,0),
(1104,'Tiago Perneta',NULL,NULL,9999,0),
(1105,'Tiago Policarpo',NULL,NULL,145,0),
(1106,'Tiago Rocha',NULL,NULL,9999,0),
(1107,'Tiago Rodrigues',NULL,NULL,9999,0),
(1108,'Tiago Santana',NULL,NULL,9999,0),
(1109,'Tiago Serrão',NULL,NULL,9999,0),
(1110,'Tiago Silva',NULL,NULL,9999,0),
(1111,'Tiago Teixeira',NULL,NULL,9999,0),
(1112,'Tiago Tuna',NULL,NULL,155,0),
(1113,'Tiago Vara',NULL,NULL,9999,0),
(1114,'Tomás David Fernandes',NULL,NULL,9999,0),
(1115,'Tomás Fernandes',NULL,NULL,145,0),
(1116,'Tomás Santos',NULL,NULL,9999,0),
(1117,'Toz Almeida',NULL,NULL,9999,0),
(1118,'Valerio Ferraris',NULL,NULL,9999,0),
(1119,'Valter Costa',NULL,NULL,9999,0),
(1120,'Valter Martins',NULL,NULL,9999,0),
(1121,'Valter Mendes',NULL,NULL,59,0),
(1122,'Valter Rocha',NULL,NULL,111,0),
(1123,'Vasco Lemos',NULL,NULL,9999,23),
(1124,'Vasco Martins',NULL,NULL,169,0),
(1125,'Vasco P Pereira',NULL,NULL,9999,0),
(1126,'Vasco Pereira',NULL,NULL,9999,0),
(1127,'Vicente Costa',NULL,NULL,9999,0),
(1128,'Víctor Almeida',NULL,NULL,9999,0),
(1129,'Vítor Alexandre',NULL,NULL,9999,0),
(1130,'Vítor Almeida',NULL,NULL,252,0),
(1131,'Vítor Bicas',NULL,NULL,9999,0),
(1132,'Vítor Costa',NULL,NULL,9999,13),
(1133,'Vítor Coutinho',NULL,NULL,9999,0),
(1134,'Vítor Delecour',NULL,NULL,9999,0),
(1135,'Vítor G Sousa',NULL,NULL,9999,0),
(1136,'Vítor Marques',NULL,NULL,9999,0),
(1137,'Vítor Moura',NULL,NULL,9999,0),
(1138,'Vítor Pina',NULL,NULL,18,0),
(1139,'Vítor Pires',NULL,NULL,9999,0),
(1140,'Vítor Pita',NULL,NULL,9999,39),
(1141,'Vítor Silva',NULL,NULL,9999,0),
(1142,'Vítor Sousa',NULL,NULL,193,0),
(1143,'Vítor Viçoso',NULL,NULL,9999,0),
(1144,'Wagner Marques',NULL,NULL,9999,0),
(1145,'Wilson Santos',NULL,NULL,9999,0),
(1146,'Yuri Bascopé',NULL,NULL,9999,0),
(1147,'Zé Costa',NULL,NULL,9999,0),
(1148,'Zé Miguel',NULL,NULL,9999,0),
(1149,'Zed Cavaleiro',NULL,NULL,9999,0),
(1150,'Zoltán Szabó Jr.',NULL,NULL,NULL,0);
/*!40000 ALTER TABLE `driver` ENABLE KEYS */;
UNLOCK TABLES;

--
-- Table structure for table `race`
--

DROP TABLE IF EXISTS `race`;
/*!40101 SET @saved_cs_client     = @@character_set_client */;
/*!40101 SET character_set_client = utf8 */;
CREATE TABLE `race` (
  `RaceID` int(11) NOT NULL,
  `RoundID` int(11) DEFAULT NULL,
  `Name` varchar(255) DEFAULT NULL,
  `Date` date DEFAULT NULL,
  `Location` varchar(255) DEFAULT NULL,
  PRIMARY KEY (`RaceID`),
  KEY `RoundID` (`RoundID`),
  CONSTRAINT `race_ibfk_1` FOREIGN KEY (`RoundID`) REFERENCES `round` (`RoundID`)
) ENGINE=InnoDB DEFAULT CHARSET=latin1 COLLATE=latin1_swedish_ci;
/*!40101 SET character_set_client = @saved_cs_client */;

--
-- Dumping data for table `race`
--

LOCK TABLES `race` WRITE;
/*!40000 ALTER TABLE `race` DISABLE KEYS */;
INSERT INTO `race` VALUES
(2,2,'P1','2022-01-12','Austrália'),
(3,3,'P2','2022-01-19','Barém'),
(4,4,'P3','2022-01-26','Azerbeijão'),
(5,5,'P4','2022-02-02','Países Baixos'),
(6,6,'P5','2022-02-09','Alemanha'),
(7,7,'P6','2022-02-16','Bélgica'),
(8,8,'P7','2022-02-23','Índia'),
(9,9,'P8','2022-03-02','Brasil');
/*!40000 ALTER TABLE `race` ENABLE KEYS */;
UNLOCK TABLES;

--
-- Table structure for table `round`
--

DROP TABLE IF EXISTS `round`;
/*!40101 SET @saved_cs_client     = @@character_set_client */;
/*!40101 SET character_set_client = utf8 */;
CREATE TABLE `round` (
  `RoundID` int(11) NOT NULL,
  `CompetitionID` int(11) NOT NULL,
  `Name` varchar(255) DEFAULT NULL,
  `Date` date DEFAULT NULL,
  PRIMARY KEY (`CompetitionID`,`RoundID`),
  KEY `CompetitionID` (`CompetitionID`)
) ENGINE=InnoDB DEFAULT CHARSET=latin1 COLLATE=latin1_swedish_ci;
/*!40101 SET character_set_client = @saved_cs_client */;

--
-- Dumping data for table `round`
--

LOCK TABLES `round` WRITE;
/*!40000 ALTER TABLE `round` DISABLE KEYS */;
INSERT INTO `round` VALUES
(1,1,'P0','2022-01-05'),
(2,1,'P1','2022-01-12'),
(3,1,'P2','2022-01-19'),
(4,1,'P3','2022-01-26'),
(5,1,'P4','2022-02-02'),
(6,1,'P5','2022-02-09'),
(7,1,'P6','2022-02-16'),
(8,1,'P7','2022-02-23'),
(9,1,'P8','2022-03-02'),
(10,307,'Laguna Seca','2023-04-06'),
(11,307,'COTA','2023-04-13'),
(12,307,'Suzuka','2023-04-20'),
(13,307,'Paul Ricard','2023-04-27'),
(14,307,'Zolder','2023-05-04'),
(15,307,'Barcelona','2023-05-11'),
(16,307,'Misano','2023-05-18'),
(17,308,'FS Grand Prix of Virginia','2023-01-11'),
(18,308,'FS Grand Prix of Ontario','2023-01-18'),
(20,308,'FS Grand Prix of Indiana','2023-01-25'),
(21,308,'FS Grand Prix of Florida','2023-02-01'),
(22,308,'FS Grand Prix of Michigan','2023-02-08'),
(23,308,'FS Grand Prix of Wisconsin','2023-02-15'),
(24,308,'FS Grand Prix of Georgia','2023-02-22'),
(25,308,'FS Grand Prix of Oregon','2023-03-01'),
(26,309,'GTS Round of the USA','2023-09-20'),
(27,309,'GTS Round of Belgium','2023-09-27'),
(28,309,'GTS Round of Italy','2023-10-04'),
(29,309,'GTS Round of Spain','2023-10-11'),
(30,309,'GTS Round of the UK','2023-10-18'),
(31,309,'GTS Round of Hungary','2023-10-25'),
(32,309,'GTS Round of Germany','2023-11-01'),
(33,309,'GTS Round of Japan','2023-11-08'),
(34,309,'GTS Round of South Africa','2023-11-15'),
(35,309,'GTS Round of Australia','2023-11-22'),
(36,310,'Eastern Creek','2023-06-15'),
(37,310,'Highlands','2023-06-29'),
(38,310,'Imola','2023-07-06'),
(39,310,'Silverstone [International]','2023-07-13'),
(40,310,'Zandvoort','2023-07-20'),
(41,310,'Curitiba','2023-07-27'),
(42,310,'Lime Rock','2023-08-03'),
(43,311,'Daytona','2023-09-28'),
(44,311,'Interlagos','2023-10-05'),
(45,311,'Le Mans','2023-10-12'),
(46,311,'Istanbul','2023-10-19'),
(47,311,'Portimão','2023-10-26'),
(48,311,'Fuji','2023-11-02'),
(49,311,'Phillip Island','2023-11-09'),
(50,312,'RS Rallye Monte-Carlo','2023-01-10'),
(51,312,'RS Rally Sweden','2023-01-17'),
(52,312,'RS Scotland Rally GB','2023-01-24'),
(53,312,'RS Rally Finland','2023-01-31'),
(54,312,'RS Rallye Deutschland','2023-02-07'),
(55,312,'RS Acropolis Rally Greece','2023-02-14'),
(56,312,'RS Rally New Zealand','2023-02-21'),
(57,312,'RS Rally España','2023-02-28'),
(58,313,'RMHS Carrera de México','2023-06-14'),
(59,313,'RMHS Race of the United States','2023-06-21'),
(60,313,'RMHS Course de France','2023-06-28'),
(61,313,'RMHS Rennen von Rheinland-Pfalz','2023-07-05'),
(62,313,'RMHS Rennen von Schweiz','2023-07-12'),
(63,313,'RMHS Course de Monaco','2023-07-19'),
(64,313,'RMHS Rennen von Deutschland','2023-07-26'),
(65,313,'RMHS ?? ???','2023-08-02'),
(66,314,'TCS Race of the UK','2023-03-29'),
(67,314,'TCS Race of Spain','2023-04-05'),
(68,314,'TCS Race of Germany','2023-04-12'),
(69,314,'TCS Race of Italy','2023-04-19'),
(70,314,'TCS Race of Canada','2023-04-26'),
(71,314,'TCS Race of Australia','2023-05-03'),
(72,314,'TCS Race of Thailand','2023-05-10'),
(73,314,'TCS Race of Macau','2023-05-17'),
(74,315,'Sachsenring','2023-01-12'),
(75,315,'Red Bull Ring','2023-01-19'),
(76,315,'Nürburgring [Sprint]','2023-01-26'),
(77,315,'Monza','2023-02-02'),
(78,315,'Nürburgring Nordschleife','2023-02-09'),
(79,315,'Spa-Francorchamps','2023-02-16'),
(80,315,'Lausitzring','2023-02-23');
/*!40000 ALTER TABLE `round` ENABLE KEYS */;
UNLOCK TABLES;

--
-- Table structure for table `rounddriver`
--

DROP TABLE IF EXISTS `rounddriver`;
/*!40101 SET @saved_cs_client     = @@character_set_client */;
/*!40101 SET character_set_client = utf8 */;
CREATE TABLE `rounddriver` (
  `RoundID` int(11) NOT NULL,
  `DriverID` int(11) NOT NULL,
  `position` int(11) NOT NULL,
  `pole_position` binary(1) NOT NULL,
  PRIMARY KEY (`RoundID`,`DriverID`),
  KEY `DriverID` (`DriverID`),
  CONSTRAINT `rounddriver_ibfk_1` FOREIGN KEY (`RoundID`) REFERENCES `round` (`RoundID`),
  CONSTRAINT `rounddriver_ibfk_2` FOREIGN KEY (`DriverID`) REFERENCES `driver` (`DriverID`)
) ENGINE=InnoDB DEFAULT CHARSET=latin1 COLLATE=latin1_swedish_ci;
/*!40101 SET character_set_client = @saved_cs_client */;

--
-- Dumping data for table `rounddriver`
--

LOCK TABLES `rounddriver` WRITE;
/*!40000 ALTER TABLE `rounddriver` DISABLE KEYS */;
INSERT INTO `rounddriver` VALUES
(10,82,16,'0'),
(10,129,2,'0'),
(10,145,15,'0'),
(10,227,5,'0'),
(10,288,17,'0'),
(10,394,8888,'0'),
(10,423,19,'0'),
(10,426,14,'0'),
(10,463,18,'0'),
(10,523,13,'0'),
(10,527,3,'0'),
(10,573,5555,'0'),
(10,601,25,'0'),
(10,617,6,'0'),
(10,641,8888,'0'),
(10,644,8888,'0'),
(10,745,1,'0'),
(10,773,10,'0'),
(10,786,12,'0'),
(10,829,7,'0'),
(10,847,5555,'0'),
(10,866,9999,'0'),
(10,875,9999,'1'),
(10,877,11,'0'),
(10,913,5555,'0'),
(10,1008,8,'0'),
(10,1009,24,'0'),
(10,1092,9,'0'),
(10,1132,21,'0'),
(10,1140,23,'0'),
(11,82,17,'0'),
(11,129,2,'0'),
(11,145,16,'0'),
(11,227,4,'0'),
(11,288,7,'0'),
(11,394,23,'0'),
(11,423,19,'0'),
(11,426,10,'0'),
(11,463,5555,'0'),
(11,523,5,'0'),
(11,527,5555,'0'),
(11,573,9999,'0'),
(11,601,8888,'0'),
(11,617,6,'0'),
(11,641,22,'0'),
(11,644,9999,'0'),
(11,745,1,'1'),
(11,773,13,'0'),
(11,786,8,'0'),
(11,829,11,'0'),
(11,847,15,'0'),
(11,866,18,'0'),
(11,875,9999,'0'),
(11,877,9,'0'),
(11,913,21,'0'),
(11,1008,12,'0'),
(11,1009,24,'0'),
(11,1092,8888,'0'),
(11,1132,20,'0'),
(11,1140,8888,'0'),
(12,82,9999,'0'),
(12,129,1,'0'),
(12,145,7,'0'),
(12,227,13,'0'),
(12,288,8,'0'),
(12,394,5555,'0'),
(12,423,14,'0'),
(12,426,23,'0'),
(12,463,19,'0'),
(12,523,18,'0'),
(12,527,5555,'0'),
(12,573,5555,'0'),
(12,601,9999,'0'),
(12,617,5,'0'),
(12,641,10,'0'),
(12,644,21,'0'),
(12,745,2,'1'),
(12,773,17,'0'),
(12,786,22,'0'),
(12,829,9,'0'),
(12,847,6,'0'),
(12,866,8888,'0'),
(12,875,3,'0'),
(12,877,11,'0'),
(12,913,5555,'0'),
(12,1008,4,'0'),
(12,1009,5555,'0'),
(12,1092,12,'0'),
(12,1132,20,'0'),
(12,1140,8888,'0'),
(13,82,22,'0'),
(13,129,2,'0'),
(13,145,16,'0'),
(13,227,4,'0'),
(13,288,9,'0'),
(13,394,5555,'0'),
(13,423,15,'0'),
(13,426,6,'0'),
(13,463,17,'0'),
(13,523,13,'0'),
(13,527,5555,'0'),
(13,573,24,'0'),
(13,601,25,'0'),
(13,617,5,'0'),
(13,641,9999,'0'),
(13,644,8888,'0'),
(13,745,1,'1'),
(13,773,20,'0'),
(13,786,21,'0'),
(13,829,12,'0'),
(13,847,8,'0'),
(13,866,5555,'0'),
(13,875,7,'0'),
(13,877,19,'0'),
(13,913,8888,'0'),
(13,1008,14,'0'),
(13,1009,23,'0'),
(13,1092,10,'0'),
(13,1132,9999,'0'),
(13,1140,6666,'0'),
(14,82,22,'0'),
(14,129,2,'1'),
(14,145,10,'0'),
(14,227,5,'0'),
(14,288,9,'0'),
(14,394,8888,'0'),
(14,423,9999,'0'),
(14,426,7,'0'),
(14,463,9999,'0'),
(14,523,12,'0'),
(14,527,5555,'0'),
(14,573,9999,'0'),
(14,601,20,'0'),
(14,617,8,'0'),
(14,641,8888,'0'),
(14,644,8888,'0'),
(14,745,1,'0'),
(14,773,15,'0'),
(14,786,8888,'0'),
(14,829,6,'0'),
(14,847,13,'0'),
(14,866,5555,'0'),
(14,875,3,'0'),
(14,877,21,'0'),
(14,913,19,'0'),
(14,1008,11,'0'),
(14,1009,14,'0'),
(14,1092,18,'0'),
(14,1132,16,'0'),
(14,1140,5555,'0'),
(15,82,17,'0'),
(15,129,1,'0'),
(15,145,11,'0'),
(15,227,8,'0'),
(15,288,9,'0'),
(15,394,8888,'0'),
(15,423,5555,'0'),
(15,426,5,'0'),
(15,463,13,'0'),
(15,523,9999,'0'),
(15,527,5555,'0'),
(15,573,5555,'0'),
(15,601,16,'0'),
(15,617,4,'0'),
(15,641,8888,'0'),
(15,644,8888,'0'),
(15,745,2,'1'),
(15,773,5555,'0'),
(15,786,8888,'0'),
(15,829,9999,'0'),
(15,847,14,'0'),
(15,866,8888,'0'),
(15,875,3,'0'),
(15,877,8888,'0'),
(15,913,18,'0'),
(15,1008,10,'0'),
(15,1009,8888,'0'),
(15,1092,8888,'0'),
(15,1132,15,'0'),
(15,1140,8888,'0'),
(16,82,14,'0'),
(16,129,1,'0'),
(16,145,10,'0'),
(16,227,4,'1'),
(16,288,5,'0'),
(16,394,8888,'0'),
(16,423,13,'0'),
(16,426,6,'0'),
(16,463,11,'0'),
(16,523,9999,'0'),
(16,527,5555,'0'),
(16,573,9999,'0'),
(16,601,18,'0'),
(16,617,8888,'0'),
(16,641,8888,'0'),
(16,644,8888,'0'),
(16,745,2,'0'),
(16,773,8,'0'),
(16,786,8888,'0'),
(16,829,7,'0'),
(16,847,9,'0'),
(16,866,8888,'0'),
(16,875,9999,'0'),
(16,877,8888,'0'),
(16,913,17,'0'),
(16,1008,12,'0'),
(16,1009,16,'0'),
(16,1092,5555,'0'),
(16,1132,15,'0'),
(16,1140,8888,'0'),
(17,143,13,'0'),
(17,164,9999,'0'),
(17,170,7,'0'),
(17,198,5,'0'),
(17,220,9999,'0'),
(17,266,2,'0'),
(17,275,9999,'0'),
(17,361,8888,'0'),
(17,373,21,'0'),
(17,434,16,'0'),
(17,539,23,'0'),
(17,561,17,'0'),
(17,562,15,'0'),
(17,576,9999,'0'),
(17,599,8,'0'),
(17,634,9,'0'),
(17,646,5555,'0'),
(17,674,6,'0'),
(17,727,22,'0'),
(17,762,11,'0'),
(17,785,20,'0'),
(17,796,12,'0'),
(17,837,10,'0'),
(17,841,8888,'0'),
(17,951,1,'1'),
(17,1023,5555,'0'),
(17,1032,3,'0'),
(17,1094,4,'0'),
(17,1123,14,'0'),
(17,1140,7777,'0'),
(18,143,6,'0'),
(18,164,9999,'0'),
(18,170,9999,'0'),
(18,198,7,'0'),
(18,220,9999,'0'),
(18,266,2,'0'),
(18,275,17,'0'),
(18,361,5555,'0'),
(18,373,20,'0'),
(18,434,9999,'0'),
(18,539,15,'0'),
(18,561,19,'0'),
(18,562,12,'0'),
(18,576,1,'1'),
(18,599,3,'0'),
(18,634,9999,'0'),
(18,646,9999,'0'),
(18,674,11,'0'),
(18,727,7777,'0'),
(18,762,8888,'0'),
(18,785,14,'0'),
(18,796,8,'0'),
(18,837,9,'0'),
(18,841,8888,'0'),
(18,951,18,'0'),
(18,1023,10,'0'),
(18,1032,5,'0'),
(18,1094,4,'0'),
(18,1123,9999,'0'),
(18,1140,13,'0'),
(20,143,5555,'0'),
(20,164,11,'0'),
(20,170,18,'0'),
(20,198,5,'0'),
(20,220,8888,'0'),
(20,266,2,'0'),
(20,275,9999,'0'),
(20,361,8888,'0'),
(20,373,17,'0'),
(20,434,9999,'0'),
(20,539,5555,'0'),
(20,561,9,'0'),
(20,562,19,'0'),
(20,576,1,'1'),
(20,599,9999,'0'),
(20,634,13,'0'),
(20,646,4,'0'),
(20,674,20,'0'),
(20,727,9999,'0'),
(20,762,8888,'0'),
(20,785,16,'0'),
(20,796,7,'0'),
(20,837,8,'0'),
(20,841,8888,'0'),
(20,951,3,'0'),
(20,1023,6,'0'),
(20,1032,5555,'0'),
(20,1094,10,'0'),
(20,1123,12,'0'),
(20,1140,15,'0'),
(21,143,8,'0'),
(21,164,21,'0'),
(21,170,10,'0'),
(21,198,6,'0'),
(21,220,11,'0'),
(21,266,2,'0'),
(21,275,9999,'0'),
(21,361,8888,'0'),
(21,373,17,'0'),
(21,434,15,'0'),
(21,539,20,'0'),
(21,561,13,'0'),
(21,562,14,'0'),
(21,576,4,'0'),
(21,599,9999,'0'),
(21,634,9999,'0'),
(21,646,16,'0'),
(21,674,12,'0'),
(21,727,5555,'0'),
(21,762,8888,'0'),
(21,785,9999,'0'),
(21,796,7,'0'),
(21,837,19,'0'),
(21,841,8888,'0'),
(21,951,9,'0'),
(21,1023,5,'0'),
(21,1032,1,'1'),
(21,1094,3,'0'),
(21,1123,9999,'0'),
(21,1140,18,'0'),
(22,143,10,'0'),
(22,164,15,'0'),
(22,170,5,'0'),
(22,198,7,'0'),
(22,220,13,'0'),
(22,266,4,'0'),
(22,275,9999,'0'),
(22,361,8888,'0'),
(22,373,16,'0'),
(22,434,18,'0'),
(22,539,9999,'0'),
(22,561,12,'0'),
(22,562,11,'0'),
(22,576,1,'0'),
(22,599,9999,'0'),
(22,634,9999,'0'),
(22,646,3,'0'),
(22,674,14,'0'),
(22,727,5555,'0'),
(22,762,8888,'0'),
(22,785,5555,'0'),
(22,796,17,'0'),
(22,837,19,'0'),
(22,841,8888,'0'),
(22,951,6,'1'),
(22,1023,8,'0'),
(22,1032,9999,'0'),
(22,1094,2,'0'),
(22,1123,8888,'0'),
(22,1140,9,'0'),
(23,143,5,'0'),
(23,164,17,'0'),
(23,170,14,'0'),
(23,198,6,'0'),
(23,220,11,'0'),
(23,266,9,'0'),
(23,275,9999,'0'),
(23,361,8888,'0'),
(23,373,22,'0'),
(23,434,15,'0'),
(23,539,18,'0'),
(23,561,12,'0'),
(23,562,7,'0'),
(23,576,1,'0'),
(23,599,8888,'0'),
(23,634,20,'0'),
(23,646,2,'0'),
(23,674,10,'0'),
(23,727,8888,'0'),
(23,762,8888,'0'),
(23,785,21,'0'),
(23,796,5555,'0'),
(23,837,16,'0'),
(23,841,8888,'0'),
(23,951,9999,'1'),
(23,1023,8,'0'),
(23,1032,3,'0'),
(23,1094,4,'0'),
(23,1123,13,'0'),
(23,1140,19,'0'),
(24,143,9999,'0'),
(24,164,8888,'0'),
(24,170,9999,'0'),
(24,198,9999,'0'),
(24,220,7,'0'),
(24,266,3,'0'),
(24,275,8888,'0'),
(24,361,5555,'0'),
(24,373,9999,'0'),
(24,434,8,'0'),
(24,539,9999,'0'),
(24,561,9999,'0'),
(24,562,14,'0'),
(24,576,2,'0'),
(24,599,8888,'0'),
(24,634,9999,'0'),
(24,646,6,'0'),
(24,674,4,'0'),
(24,727,8888,'0'),
(24,762,8888,'0'),
(24,785,9,'0'),
(24,796,5555,'0'),
(24,837,9999,'0'),
(24,841,8888,'0'),
(24,951,1,'0'),
(24,1023,5,'0'),
(24,1032,9999,'0'),
(24,1094,9999,'0'),
(24,1123,12,'0'),
(24,1140,10,'0'),
(25,143,6,'0'),
(25,164,8888,'0'),
(25,170,9999,'0'),
(25,198,5,'0'),
(25,220,17,'0'),
(25,266,3,'0'),
(25,275,9999,'0'),
(25,361,5555,'0'),
(25,373,18,'0'),
(25,434,14,'0'),
(25,539,5555,'0'),
(25,561,12,'0'),
(25,562,8,'0'),
(25,576,2,'0'),
(25,599,8888,'0'),
(25,634,10,'0'),
(25,646,11,'0'),
(25,674,9,'0'),
(25,727,8888,'0'),
(25,762,8888,'0'),
(25,785,15,'0'),
(25,796,9999,'0'),
(25,837,8888,'0'),
(25,841,8888,'0'),
(25,951,1,'1'),
(25,1023,9999,'0'),
(25,1032,7,'0'),
(25,1094,4,'0'),
(25,1123,9999,'0'),
(25,1140,9999,'0');
/*!40000 ALTER TABLE `rounddriver` ENABLE KEYS */;
UNLOCK TABLES;

--
-- Table structure for table `simulator`
--

DROP TABLE IF EXISTS `simulator`;
/*!40101 SET @saved_cs_client     = @@character_set_client */;
/*!40101 SET character_set_client = utf8 */;
CREATE TABLE `simulator` (
  `SimulatorID` int(11) NOT NULL,
  `Name` varchar(255) DEFAULT NULL,
  PRIMARY KEY (`SimulatorID`)
) ENGINE=InnoDB DEFAULT CHARSET=latin1 COLLATE=latin1_swedish_ci;
/*!40101 SET character_set_client = @saved_cs_client */;

--
-- Dumping data for table `simulator`
--

LOCK TABLES `simulator` WRITE;
/*!40000 ALTER TABLE `simulator` DISABLE KEYS */;
INSERT INTO `simulator` VALUES
(1,'Assetto Corsa'),
(2,'DiRT Rally 2.0'),
(3,'Assetto Corsa Competizione'),
(4,'rFactor 2'),
(5,'DiRT Rally'),
(6,'Raceroom Racing Experience'),
(7,'Project CARS'),
(8,'rFactor'),
(9,'Race 07'),
(10,'Stock Car Extreme'),
(11,'GTR 2'),
(12,'Richard Burns Rally'),
(13,'NetKar PRO');
/*!40000 ALTER TABLE `simulator` ENABLE KEYS */;
UNLOCK TABLES;

--
-- Table structure for table `team`
--

DROP TABLE IF EXISTS `team`;
/*!40101 SET @saved_cs_client     = @@character_set_client */;
/*!40101 SET character_set_client = utf8 */;
CREATE TABLE `team` (
  `TeamID` int(11) NOT NULL,
  `Name` varchar(255) DEFAULT NULL,
  `Country` varchar(255) DEFAULT NULL,
  PRIMARY KEY (`TeamID`)
) ENGINE=InnoDB DEFAULT CHARSET=latin1 COLLATE=latin1_swedish_ci;
/*!40101 SET character_set_client = @saved_cs_client */;

--
-- Dumping data for table `team`
--

LOCK TABLES `team` WRITE;
/*!40000 ALTER TABLE `team` DISABLE KEYS */;
INSERT INTO `team` VALUES
(1,'[S4G]Race Team',NULL),
(2,'@World EF WRT',NULL),
(3,'0km Racing',NULL),
(4,'21e Motorsport',NULL),
(5,'4fouR Virtual Racing',NULL),
(6,'4Racing',NULL),
(7,'A-Sport',NULL),
(8,'ABRacing',NULL),
(9,'Açores Competições',NULL),
(10,'Alanorte e-Racing',NULL),
(11,'ALC',NULL),
(12,'Algarve Racing Team',NULL),
(13,'Almeida & Almeida Lda.',NULL),
(14,'Amandie Motorsport',NULL),
(15,'Anhukas Racing Team',NULL),
(16,'APEX Motorsport',NULL),
(17,'ARMS',NULL),
(18,'ART - Alcainça Racing Team',NULL),
(19,'Atlantic Motorsport',NULL),
(20,'Autozitania Motorsport',NULL),
(21,'AVC - Azorean Vicious Clan',NULL),
(22,'AVG',NULL),
(23,'AVParedes',NULL),
(24,'AVVC',NULL),
(25,'Azk - Azorean Riders',NULL),
(26,'Azores Gamer',NULL),
(27,'AzoresMK',NULL),
(28,'azormotorsport',NULL),
(29,'AZR Motorsport',NULL),
(30,'BadWolves HRS Racing',NULL),
(31,'Baiauto Motorsport',NULL),
(32,'Baixo Mondego Racing',NULL),
(33,'Band of Brothers',NULL),
(34,'Barcodeu',NULL),
(35,'Barraco Racing',NULL),
(36,'BARROS Racing',NULL),
(37,'BBA Racing',NULL),
(38,'BBAc Racing Team',NULL),
(39,'Berlitz Racing Team',NULL),
(40,'Bianas Racing',NULL),
(41,'Black Racing Team',NULL),
(42,'Black Sheep Racing Team',NULL),
(43,'Blitzkrieg Racing',NULL),
(44,'BoomRang',NULL),
(45,'BotaLub Competizione',NULL),
(46,'BTR1A',NULL),
(47,'Burn Rally Team',NULL),
(48,'BV Racing',NULL),
(49,'CAJUAUDIOVISUAIS',NULL),
(50,'Camaradas do Asfalto',NULL),
(51,'Caralhows Team',NULL),
(52,'Carbor8 Racing',NULL),
(53,'Casa dos Crepes Motorsport',NULL),
(54,'Caspian Motorsport',NULL),
(55,'CBPOWER',NULL),
(56,'Chain Motorsport',NULL),
(57,'Chicane Motorsport',NULL),
(58,'CMSport',NULL),
(59,'Codoil Motorsport',NULL),
(60,'Concept Motorsport',NULL),
(61,'Concept Team',NULL),
(62,'Conventry Racing Team',NULL),
(63,'Coruja Racing',NULL),
(64,'Crash Test Dummies',NULL),
(65,'Dark Racing',NULL),
(66,'Deuces Motorsports Club',NULL),
(67,'Diabolic Racing Team',NULL),
(68,'DMS Racing Team',NULL),
(69,'DodoCrew',NULL),
(70,'Double Trouble Motorsport',NULL),
(71,'Draig Racing',NULL),
(72,'DRL Racing',NULL),
(73,'Dstelecom Racing Team',NULL),
(74,'eRacing Elite team',NULL),
(75,'eSports SimRacing',NULL),
(76,'Estima-me(!!) Motorsport',NULL),
(77,'EVO Racing',NULL),
(78,'eXcape',NULL),
(79,'Ez Racing',NULL),
(80,'F1 Portugal Racing Team',NULL),
(81,'Faca nos Dentes Racing Team',NULL),
(82,'Fairplay Simracing',NULL),
(83,'FC Racing Team',NULL),
(84,'FCS Racing',NULL),
(85,'Fibrovisão Motorsport',NULL),
(86,'Flying Bee Motorsport',NULL),
(87,'FordRallyeSport Team',NULL),
(88,'Free Spirit Racing Team',NULL),
(89,'FRSTEAM',NULL),
(90,'G@S Racing Team',NULL),
(91,'Galgo Motorsport',NULL),
(92,'Gaming Events',NULL),
(93,'GhostSpeed',NULL),
(94,'Green House Racing',NULL),
(95,'Grosjean Styles',NULL),
(96,'Grow Racing Team',NULL),
(97,'GT Competizione',NULL),
(98,'GT Racing Division',NULL),
(99,'Hola Viva Mexico Racing Team',NULL),
(100,'Ilha Verde',NULL),
(101,'Invictus Competition',NULL),
(102,'IRT',NULL),
(103,'Javalis do Pinçal',NULL),
(104,'JavardAir Racing',NULL),
(105,'JG Sport',NULL),
(106,'JHL Motorsport',NULL),
(107,'JMDF Racing',NULL),
(108,'Just4Fun Racing Team',NULL),
(109,'K-factor',NULL),
(110,'Keys&Fox Motorsport',NULL),
(111,'KFC Racing Team',NULL),
(112,'Kobalteam Racing',NULL),
(113,'Koda Factory Racing',NULL),
(114,'L.S. RACING',NULL),
(115,'Labassas4Speed',NULL),
(116,'Lambra Brava',NULL),
(117,'Liber Jeans E-Racing',NULL),
(118,'LittleCrew SimRacer',NULL),
(119,'LIZSPORT',NULL),
(120,'LOS4 Racing Team',NULL),
(121,'Low Frequency Garage',NULL),
(122,'Lusitanium SimRacing',NULL),
(123,'Lynx Racing Team',NULL),
(124,'Madeira a Fundo',NULL),
(125,'Madeira Rally Team',NULL),
(126,'MADrivers',NULL),
(127,'Make your Point',NULL),
(128,'MAMAZAKI',NULL),
(129,'MaxPower',NULL),
(130,'MC Motorsport',NULL),
(131,'McNally Racing',NULL),
(132,'McTeam Motorsport',NULL),
(133,'MCZ Virtual Racing Team',NULL),
(134,'Megmax',NULL),
(135,'MIND THE GAP - Purple',NULL),
(136,'Minho Motorsport',NULL),
(137,'MM Motorsport',NULL),
(138,'ModelRace',NULL),
(139,'Monção Motorsport',NULL),
(140,'MondegoSport WRT',NULL),
(141,'Montes SimDrivers',NULL),
(142,'Moonlight Racers Motorsport',NULL),
(143,'Morabia ST',NULL),
(144,'Motorsport Fidalgo',NULL),
(145,'MR Corse',NULL),
(146,'MS Scuderia Racing',NULL),
(147,'MT Motorsport',NULL),
(148,'MTR Team Racing',NULL),
(149,'MultiNacional Racing',NULL),
(150,'MXF PRO eSports',NULL),
(151,'NCDS Racing',NULL),
(152,'New Car',NULL),
(153,'Noggets Racing',NULL),
(154,'Octane Racing Sport',NULL),
(155,'OldFox SimRacing',NULL),
(156,'OnCloud Motorsport',NULL),
(157,'Origin Racing',NULL),
(158,'ORM',NULL),
(159,'Os Bota Abaixo',NULL),
(160,'Os Duros',NULL),
(161,'OSR',NULL),
(162,'Peaners Motorsport',NULL),
(163,'Pegasus',NULL),
(164,'Petrolhead Racing',NULL),
(165,'PFR eSports Team',NULL),
(166,'Phoenix Racing Portugal',NULL),
(167,'Piao Motorsport',NULL),
(168,'PinCoi Motorsports',NULL),
(169,'Playteam',NULL),
(170,'PM4 Racing',NULL),
(171,'PM4 Racing WIN',NULL),
(172,'Poncha 98',NULL),
(173,'Ponte de Lima Team',NULL),
(174,'Portugal Racing Team',NULL),
(175,'PRDT',NULL),
(176,'Primus Motorsport',NULL),
(177,'Pro SimTech',NULL),
(178,'Probatum Racing',NULL),
(179,'Progressive Engineering',NULL),
(180,'ProRacing Team',NULL),
(181,'PTSims Racing Team',NULL),
(182,'PTSport',NULL),
(183,'PTXracingTeam',NULL),
(184,'Pulse Motorsport',NULL),
(185,'R2GT Motorsport',NULL),
(186,'Racing for Braga',NULL),
(187,'Racing Messiah',NULL),
(188,'Racing4Fun',NULL),
(189,'Rádio-Pirata',NULL),
(190,'Rally Alitém',NULL),
(191,'Ramada Motorsport',NULL),
(192,'RC Motorsport',NULL),
(193,'Red Bullet Racing',NULL),
(194,'Red Racing Team',NULL),
(195,'RedStripe Racing',NULL),
(196,'Restocar team',NULL),
(197,'Reverse Gear Motorsports',NULL),
(198,'Revs Racing',NULL),
(199,'RF Motorsport',NULL),
(200,'RFPorto',NULL),
(201,'Rhinos Motorsport',NULL),
(202,'Rodrigues Rally Team',NULL),
(203,'ROGON Motorsport',NULL),
(204,'Rotaract Club',NULL),
(205,'RS Motorsport',NULL),
(206,'RTR - RedTeam Racing',NULL),
(207,'RushTeam',NULL),
(208,'RxVirtual SimRacing',NULL),
(209,'RZ Motorsport',NULL),
(210,'Samir Motorsports',NULL),
(211,'SAUCE Racing',NULL),
(212,'SCA Engenharia',NULL),
(213,'SCB Racing',NULL),
(214,'SeAPeC Racing',NULL),
(215,'SeAPeC Racing Team',NULL),
(216,'SECORA Racing',NULL),
(217,'Seyfert Racing Team',NULL),
(218,'Shift Racing Team',NULL),
(219,'SimVício',NULL),
(220,'SK Motorsport',NULL),
(221,'SM-SPORT',NULL),
(222,'Snow Schatten Racing Team',NULL),
(223,'Sonic Racing Team',NULL),
(224,'Spark Racing',NULL),
(225,'Speed Sim Italy',NULL),
(226,'SPEED.exe',NULL),
(227,'Speedgod Racers',NULL),
(228,'SpeedyMite Racing',NULL),
(229,'Spirit Sim Racing',NULL),
(230,'SPQRacing Team',NULL),
(231,'SRTeam',NULL),
(232,'SST Racing',NULL),
(233,'Star Alliance Motorsport',NULL),
(234,'Stock-Car VRT',NULL),
(235,'Talento Racing Portugal',NULL),
(236,'Taylor SimRacing Team',NULL),
(237,'TC eSports',NULL),
(238,'Team Abelhinha',NULL),
(239,'Team dos Motordesportos',NULL),
(240,'Team Fenix Motorsports',NULL),
(241,'Team Fullpower',NULL),
(242,'Team Nata',NULL),
(243,'Team R Line',NULL),
(244,'Team Racing Knowledge',NULL),
(245,'Team Rookie Monsters',NULL),
(246,'Team S Racing',NULL),
(247,'Team STR',NULL),
(248,'Team Terceira Racing',NULL),
(249,'Team Wireless SafeCar',NULL),
(250,'Team-AMG',NULL),
(251,'Terceira Norte SimRacing',NULL),
(252,'TMM',NULL),
(253,'TMRC Racing',NULL),
(254,'TNT Motorsports',NULL),
(255,'TRT',NULL),
(256,'TTRace',NULL),
(257,'USP Racing Team',NULL),
(258,'VelozMotorsport SimRacing',NULL),
(259,'Vinil Racing Team',NULL),
(260,'Vitamina Motorsport',NULL),
(261,'VP SIM RACING',NULL),
(262,'VR Motorsport',NULL),
(263,'VRE MotorSports',NULL),
(264,'VRM Racing',NULL),
(265,'VRZ',NULL),
(266,'VRZ - VirtualRacingZone',NULL),
(267,'VSRT',NULL),
(268,'Wake n\'Bake',NULL),
(269,'WeAreMachines Racing Team',NULL),
(270,'West Coast Motorsport',NULL),
(271,'WMS-CREW',NULL),
(272,'World eRacing Team',NULL),
(273,'X-Team MotorSport Portugal',NULL),
(274,'YPT - Yellow Power Team',NULL),
(275,'Zuas Racing Team',NULL),
(9999,'NA',NULL);
/*!40000 ALTER TABLE `team` ENABLE KEYS */;
UNLOCK TABLES;

--
-- Dumping routines for database 'test'
--
/*!40103 SET TIME_ZONE=@OLD_TIME_ZONE */;

/*!40101 SET SQL_MODE=@OLD_SQL_MODE */;
/*!40014 SET FOREIGN_KEY_CHECKS=@OLD_FOREIGN_KEY_CHECKS */;
/*!40014 SET UNIQUE_CHECKS=@OLD_UNIQUE_CHECKS */;
/*!40101 SET CHARACTER_SET_CLIENT=@OLD_CHARACTER_SET_CLIENT */;
/*!40101 SET CHARACTER_SET_RESULTS=@OLD_CHARACTER_SET_RESULTS */;
/*!40101 SET COLLATION_CONNECTION=@OLD_COLLATION_CONNECTION */;
/*!40111 SET SQL_NOTES=@OLD_SQL_NOTES */;

-- Dump completed on 2024-04-11 12:32:52
